source_id,source,line,numbers,context
0,9896+JAM+(1) (5)(10).pdf,1,25 | 2026 | 2347 | 1921,Journal of Advances in Mathematics Vol 25 (2026) ISSN: 2347-1921                                 https://rajpub.com/index.php/jam
0,9896+JAM+(1) (5)(10).pdf,5,10.24297,DOI: https://doi.org/10.24297/jam.v25i.9896
0,9896+JAM+(1) (5)(10).pdf,8,2880,2880-Dimensional Exciternion Structure
0,9896+JAM+(1) (5)(10).pdf,10,0009 | 0005 | 6185 | 3749,Jered McClain ORCID 0009-0005-6185-3749
0,9896+JAM+(1) (5)(10).pdf,13,0009 | 0004 | 4577 | 5253,Erydir Ceisiwr (The Awen Grid) ORCID 0009-0004-4577-5253
0,9896+JAM+(1) (5)(10).pdf,21,2,Abstract ............................................................. 2
0,9896+JAM+(1) (5)(10).pdf,22,1 | 2,1.​ Introduction .................................................... 2
0,9896+JAM+(1) (5)(10).pdf,23,2 | 2880 | 3,2.​ Canonical 2880-Dimensional Γ–SREF–Ω Exciternion Functional ..... 3​
0,9896+JAM+(1) (5)(10).pdf,24,4 | 6,Where / Definition Block .......................................... 4–6
0,9896+JAM+(1) (5)(10).pdf,25,3,3.​ Five-Dimensional Operational Regime and​
0,9896+JAM+(1) (5)(10).pdf,26,2880 | 7 | 8,2880-Dimensional Structural Closure ................................. 7–8
0,9896+JAM+(1) (5)(10).pdf,27,4 | 9 | 10,4.​ Admissibility Structure and the Γ-Operator Chain ............... 9–10
0,9896+JAM+(1) (5)(10).pdf,28,5 | 10 | 11,5.​ Exciternion Representation (EX) ................................ 10–11
0,9896+JAM+(1) (5)(10).pdf,29,6 | 11 | 12,"6.​ Degeneracy, Eigenvalue Structure, and Sexagesimal Recursion .... 11–12"
0,9896+JAM+(1) (5)(10).pdf,30,7 | 2880,7.​ Dimensional Compression and the 2880D Payload Interception Operator
0,9896+JAM+(1) (5)(10).pdf,31,12 | 13,.......................................................... 12–13
0,9896+JAM+(1) (5)(10).pdf,32,8 | 14,8.​ Empire Wave Constant and Propagation Scaling ................... 14
0,9896+JAM+(1) (5)(10).pdf,33,9 | 15,9.​ Unified Interpretation and Regime Consistency .................. 15
0,9896+JAM+(1) (5)(10).pdf,34,10 | 16 | 17,10.​ Falsifiability and Failure Conditions ......................... 16–17
0,9896+JAM+(1) (5)(10).pdf,35,11 | 17,11.​ Conclusion .................................................... 17
0,9896+JAM+(1) (5)(10).pdf,36,12 | 27 | 28,12.​ Experimental Interface: Torsion Balance Realization ........... 27–28
0,9896+JAM+(1) (5)(10).pdf,37,29 | 30,References ........................................................ 29–30
0,9896+JAM+(1) (5)(10).pdf,47,2880,"2880-dimensional recursive manifold through a payload interception product, which compresses"
0,9896+JAM+(1) (5)(10).pdf,49,45,45
0,9896+JAM+(1) (5)(10).pdf,51,25 | 2026 | 2347 | 1921,Journal of Advances in Mathematics Vol 25 (2026) ISSN: 2347-1921                    https://rajpub.com/index.php/jam
0,9896+JAM+(1) (5)(10).pdf,58,5 | 2880,This yields two coupled regimes: a bounded 5D physical realization and a full 2880D structural representation.
0,9896+JAM+(1) (5)(10).pdf,64,1,1. INTRODUCTION
0,9896+JAM+(1) (5)(10).pdf,79,2880,"To extend this structure beyond the operational five-dimensional manifold, a 2880-dimensional recursive stack is"
0,9896+JAM+(1) (5)(10).pdf,82,5 | 2880,The resulting formulation admits both a bounded 5D realization and a full 2880D representation without altering
0,9896+JAM+(1) (5)(10).pdf,92,46,46
0,9896+JAM+(1) (5)(10).pdf,94,25 | 2026 | 2347 | 1921,Journal of Advances in Mathematics Vol 25 (2026) ISSN: 2347-1921   https://rajpub.com/index.php/jam
0,9896+JAM+(1) (5)(10).pdf,99,47,47
0,9896+JAM+(1) (5)(10).pdf,101,25 | 2026 | 2347 | 1921,Journal of Advances in Mathematics Vol 25 (2026) ISSN: 2347-1921   https://rajpub.com/index.php/jam
0,9896+JAM+(1) (5)(10).pdf,106,48,48
0,9896+JAM+(1) (5)(10).pdf,108,25 | 2026 | 2347 | 1921,Journal of Advances in Mathematics Vol 25 (2026) ISSN: 2347-1921   https://rajpub.com/index.php/jam
0,9896+JAM+(1) (5)(10).pdf,113,49,49
0,9896+JAM+(1) (5)(10).pdf,115,25 | 2026 | 2347 | 1921,Journal of Advances in Mathematics Vol 25 (2026) ISSN: 2347-1921   https://rajpub.com/index.php/jam
0,9896+JAM+(1) (5)(10).pdf,120,50,50
0,9896+JAM+(1) (5)(10).pdf,122,25 | 2026 | 2347 | 1921,Journal of Advances in Mathematics Vol 25 (2026) ISSN: 2347-1921   https://rajpub.com/index.php/jam
0,9896+JAM+(1) (5)(10).pdf,127,51,51
0,9896+JAM+(1) (5)(10).pdf,129,25 | 2026 | 2347 | 1921,Journal of Advances in Mathematics Vol 25 (2026) ISSN: 2347-1921   https://rajpub.com/index.php/jam
0,9896+JAM+(1) (5)(10).pdf,134,52,52
0,9896+JAM+(1) (5)(10).pdf,136,25 | 2026 | 2347 | 1921,Journal of Advances in Mathematics Vol 25 (2026) ISSN: 2347-1921                  https://rajpub.com/index.php/jam
0,9896+JAM+(1) (5)(10).pdf,141,3 | 2880,3. Five-Dimensional Operational Regime and 2880-Dimensional Structural Closure
0,9896+JAM+(1) (5)(10).pdf,142,2 | 2880,The canonical functional defined in Section 2 is written over the full 2880-dimensional SEXA recursive manifold.
0,9896+JAM+(1) (5)(10).pdf,144,2880,"admissibility, degeneracy, recursive amplification, and dimensional compression are jointly defined. The 2880D"
0,9896+JAM+(1) (5)(10).pdf,148,5,"admissible configurations are evaluated as physically realizable states. The 5D form is not the full theory, but the"
0,9896+JAM+(1) (5)(10).pdf,149,2880,bounded projection through which the unified structure becomes evaluable. The 2880D manifold carries the
0,9896+JAM+(1) (5)(10).pdf,150,5,"recursive stack, while the 5D manifold carries the effective realization of admissible configurations after glyph"
0,9896+JAM+(1) (5)(10).pdf,152,2880,This distinction is essential. The 2880D formulation defines the full recursive environment in which
0,9896+JAM+(1) (5)(10).pdf,154,2880 | 5,"interception product Π2880\Pi_{2880}Π2880​. The 5D formulation, by contrast, is the reduced operative domain in"
0,9896+JAM+(1) (5)(10).pdf,155,2880,"which the compressed structure appears as an effective energy functional. In this sense, 2880D is structural and"
0,9896+JAM+(1) (5)(10).pdf,156,5,5D is operational. The former preserves the recursive architecture of the theory; the latter defines the bounded
0,9896+JAM+(1) (5)(10).pdf,161,2880 | 5,"over which the functional is written. In the 2880D regime, the dimensional stack is explicit. In the 5D regime,"
0,9896+JAM+(1) (5)(10).pdf,169,5 | 2880,"This 5D expression should not be interpreted as independent of the 2880D form. Rather, it is the operative"
0,9896+JAM+(1) (5)(10).pdf,171,2880 | 5,2880D equation remains canonical because it preserves the full closure stack. The 5D form remains
0,9896+JAM+(1) (5)(10).pdf,173,53,53
0,9896+JAM+(1) (5)(10).pdf,175,25 | 2026 | 2347 | 1921,Journal of Advances in Mathematics Vol 25 (2026) ISSN: 2347-1921                 https://rajpub.com/index.php/jam
0,9896+JAM+(1) (5)(10).pdf,181,2880,The result is a dual-regime formulation with a single theoretical identity. The 2880D manifold provides full
0,9896+JAM+(1) (5)(10).pdf,182,5,"recursive closure, admissibility structure, and dimensional inheritance. The 5D manifold provides the bounded"
0,9896+JAM+(1) (5)(10).pdf,190,54,54
0,9896+JAM+(1) (5)(10).pdf,192,25 | 2026 | 2347 | 1921,Journal of Advances in Mathematics Vol 25 (2026) ISSN: 2347-1921   https://rajpub.com/index.php/jam
0,9896+JAM+(1) (5)(10).pdf,197,55,55
0,9896+JAM+(1) (5)(10).pdf,199,25 | 2026 | 2347 | 1921,Journal of Advances in Mathematics Vol 25 (2026) ISSN: 2347-1921                 https://rajpub.com/index.php/jam
0,9896+JAM+(1) (5)(10).pdf,204,2880 | 5,"The 2880D formulation is the complete structural closure of the theory, while the 5D formulation is its bounded"
0,9896+JAM+(1) (5)(10).pdf,207,2880 | 2880,"E_{SREF}^{(\Gamma,\Omega,EX,2880D)}[\Xi] = \int_{\mathcal{M}_{2880}} ((O\, \triangle \, K \, O \, \mu \,"
0,9896+JAM+(1) (5)(10).pdf,208,1 | 3 | 2 | 4 | 5 | 00,W)\circ[\begin{array}{c} \sum_{i=1}^{3} g_i\rho_i(EX)C_{\Omega}^{2} \\ + \sum_{j=4}^{5}(T_j^{00}(EX) +
0,9896+JAM+(1) (5)(10).pdf,209,2880 | 2880,"P_j(EX)\Pi_{2880}|\lambda_j|^{n}) \end{array}])\,d\mu_{\mathcal{M}_{2880}}"
0,9896+JAM+(1) (5)(10).pdf,210,2880 | 5 | 2880,\Pi_{2880}=\prod_{\ell=5}^{2880}\psi_{\ell}^{\delta_{\ell}}
0,9896+JAM+(1) (5)(10).pdf,211,60,|\lambda_j|=60
0,9896+JAM+(1) (5)(10).pdf,212,2880 | 4,C_{\Omega}=\sqrt{\frac{2880}{4}}
0,9896+JAM+(1) (5)(10).pdf,214,5,"E_{SREF}^{(\Gamma,\Omega,EX)}[\Xi] = \int_{\mathcal{M}_{5}} ((O\, \triangle \, K \, O \, \mu \,"
0,9896+JAM+(1) (5)(10).pdf,215,1 | 3 | 2,W)\circ[\sum_{i=1}^{3} g_i\rho_i(EX)C_{\Omega}^{2} +
0,9896+JAM+(1) (5)(10).pdf,216,4 | 5 | 00 | 5,"\sum_{j=4}^{5}(T_j^{00}(EX)+P_j(EX)|\lambda_j|^{n})])\,d\mu_{\mathcal{M}_{5}}"
0,9896+JAM+(1) (5)(10).pdf,221,56,56
0,9896+JAM+(1) (5)(10).pdf,223,25 | 2026 | 2347 | 1921,Journal of Advances in Mathematics Vol 25 (2026) ISSN: 2347-1921   https://rajpub.com/index.php/jam
0,9896+JAM+(1) (5)(10).pdf,228,57,57
0,9896+JAM+(1) (5)(10).pdf,230,25 | 2026 | 2347 | 1921,Journal of Advances in Mathematics Vol 25 (2026) ISSN: 2347-1921   https://rajpub.com/index.php/jam
0,9896+JAM+(1) (5)(10).pdf,235,58,58
0,9896+JAM+(1) (5)(10).pdf,237,25 | 2026 | 2347 | 1921,Journal of Advances in Mathematics Vol 25 (2026) ISSN: 2347-1921   https://rajpub.com/index.php/jam
0,9896+JAM+(1) (5)(10).pdf,242,59,59
0,9896+JAM+(1) (5)(10).pdf,244,25 | 2026 | 2347 | 1921,Journal of Advances in Mathematics Vol 25 (2026) ISSN: 2347-1921   https://rajpub.com/index.php/jam
0,9896+JAM+(1) (5)(10).pdf,249,60,60
0,9896+JAM+(1) (5)(10).pdf,251,25 | 2026 | 2347 | 1921,Journal of Advances in Mathematics Vol 25 (2026) ISSN: 2347-1921   https://rajpub.com/index.php/jam
0,9896+JAM+(1) (5)(10).pdf,256,61,61
0,9896+JAM+(1) (5)(10).pdf,258,25 | 2026 | 2347 | 1921,Journal of Advances in Mathematics Vol 25 (2026) ISSN: 2347-1921   https://rajpub.com/index.php/jam
0,9896+JAM+(1) (5)(10).pdf,263,62,62
0,9896+JAM+(1) (5)(10).pdf,265,25 | 2026 | 2347 | 1921,Journal of Advances in Mathematics Vol 25 (2026) ISSN: 2347-1921   https://rajpub.com/index.php/jam
0,9896+JAM+(1) (5)(10).pdf,270,63,63
0,9896+JAM+(1) (5)(10).pdf,272,25 | 2026 | 2347 | 1921,Journal of Advances in Mathematics Vol 25 (2026) ISSN: 2347-1921   https://rajpub.com/index.php/jam
0,9896+JAM+(1) (5)(10).pdf,277,64,64
0,9896+JAM+(1) (5)(10).pdf,279,25 | 2026 | 2347 | 1921,Journal of Advances in Mathematics Vol 25 (2026) ISSN: 2347-1921   https://rajpub.com/index.php/jam
0,9896+JAM+(1) (5)(10).pdf,284,65,65
0,9896+JAM+(1) (5)(10).pdf,286,25 | 2026 | 2347 | 1921,Journal of Advances in Mathematics Vol 25 (2026) ISSN: 2347-1921   https://rajpub.com/index.php/jam
0,9896+JAM+(1) (5)(10).pdf,291,66,66
0,9896+JAM+(1) (5)(10).pdf,293,25 | 2026 | 2347 | 1921,Journal of Advances in Mathematics Vol 25 (2026) ISSN: 2347-1921   https://rajpub.com/index.php/jam
0,9896+JAM+(1) (5)(10).pdf,298,67,67
0,9896+JAM+(1) (5)(10).pdf,300,25 | 2026 | 2347 | 1921,Journal of Advances in Mathematics Vol 25 (2026) ISSN: 2347-1921   https://rajpub.com/index.php/jam
0,9896+JAM+(1) (5)(10).pdf,305,68,68
0,9896+JAM+(1) (5)(10).pdf,307,25 | 2026 | 2347 | 1921,Journal of Advances in Mathematics Vol 25 (2026) ISSN: 2347-1921   https://rajpub.com/index.php/jam
0,9896+JAM+(1) (5)(10).pdf,312,69,69
0,9896+JAM+(1) (5)(10).pdf,314,25 | 2026 | 2347 | 1921,Journal of Advances in Mathematics Vol 25 (2026) ISSN: 2347-1921   https://rajpub.com/index.php/jam
0,9896+JAM+(1) (5)(10).pdf,319,70,70
0,9896+JAM+(1) (5)(10).pdf,321,25 | 2026 | 2347 | 1921,Journal of Advances in Mathematics Vol 25 (2026) ISSN: 2347-1921   https://rajpub.com/index.php/jam
0,9896+JAM+(1) (5)(10).pdf,326,71,71
0,9896+JAM+(1) (5)(10).pdf,328,25 | 2026 | 2347 | 1921,Journal of Advances in Mathematics Vol 25 (2026) ISSN: 2347-1921   https://rajpub.com/index.php/jam
0,9896+JAM+(1) (5)(10).pdf,333,72,72
0,9896+JAM+(1) (5)(10).pdf,335,25 | 2026 | 2347 | 1921,Journal of Advances in Mathematics Vol 25 (2026) ISSN: 2347-1921                 https://rajpub.com/index.php/jam
0,9896+JAM+(1) (5)(10).pdf,341,2017,"Arkani-Hamed, N., Huang, Y., & O’Connell, D. (2017). Scattering amplitudes and the positive"
0,9896+JAM+(1) (5)(10).pdf,343,10.1007 | 2017 | 068,https://doi.org/10.1007/JHEP11(2017)068
0,9896+JAM+(1) (5)(10).pdf,344,2018,"Baez, J. C., & Huerta, J. (2018). The algebra of grand unified theories. Bulletin of the American"
0,9896+JAM+(1) (5)(10).pdf,345,47 | 3 | 483 | 552,"Mathematical Society, 47(3), 483–552.​"
0,9896+JAM+(1) (5)(10).pdf,346,10.1090 | 0979 | 10 | 01280 | 8,https://doi.org/10.1090/S0273-0979-10-01280-8
0,9896+JAM+(1) (5)(10).pdf,347,2019,"Carroll, S. M. (2019). Spacetime and geometry: An introduction to general relativity. Cambridge University"
0,9896+JAM+(1) (5)(10).pdf,349,1979,"Conway, J. H., & Norton, S. P. (1979). Monstrous moonshine. Bulletin of the London Mathematical Society,"
0,9896+JAM+(1) (5)(10).pdf,350,11 | 3 | 308 | 339,"11(3), 308–339.​"
0,9896+JAM+(1) (5)(10).pdf,351,10.1112 | 11.3,https://doi.org/10.1112/blms/11.3.308
0,9896+JAM+(1) (5)(10).pdf,354,73,73
0,9896+JAM+(1) (5)(10).pdf,356,25 | 2026 | 2347 | 1921,Journal of Advances in Mathematics Vol 25 (2026) ISSN: 2347-1921                 https://rajpub.com/index.php/jam
0,9896+JAM+(1) (5)(10).pdf,360,1916 | 49 | 769 | 822,"Einstein, A. (1916). The foundation of the general theory of relativity. Annalen der Physik, 49, 769–822."
0,9896+JAM+(1) (5)(10).pdf,361,1982 | 69 | 1 | 1 | 102,"Griess, R. L. (1982). The friendly giant (The Monster group). Inventiones Mathematicae, 69(1), 1–102.​"
0,9896+JAM+(1) (5)(10).pdf,362,10.1007,https://doi.org/10.1007/BF01389347
0,9896+JAM+(1) (5)(10).pdf,363,2025,"McClain, J. (2025). The SEXA Mathematical Framework — Unified Recursive Manifold Dynamics,"
0,9896+JAM+(1) (5)(10).pdf,366,2025 | 60,"McClain, J. (2025). A Recursive Closure Criterion for a Theory of Everything: A 60-Glyph Quaternionic"
0,9896+JAM+(1) (5)(10).pdf,368,2026 | 60 | 5,"McClain, J. (2026). The SEXA Recursive Energy Functional (SREF): Spectral Gain-60 Recursion on a 5D"
0,9896+JAM+(1) (5)(10).pdf,370,2026,"McClain, J. (2026). Formal Compatibility and Falsifiability Assessment of the SEXA Unified Field Model."
0,9896+JAM+(1) (5)(10).pdf,372,1995,"Peskin, M. E., & Schroeder, D. V. (1995). An introduction to quantum field theory. Addison-Wesley."
0,9896+JAM+(1) (5)(10).pdf,373,2017,"Polchinski, J. (2017). Effective field theory and the Fermi surface.​"
0,9896+JAM+(1) (5)(10).pdf,374,10.48550,https://doi.org/10.48550/arXiv.1708.09079
0,9896+JAM+(1) (5)(10).pdf,375,2020,"Schwartz, M. D. (2020). Quantum field theory and the standard model (Updated ed.). Cambridge University"
0,9896+JAM+(1) (5)(10).pdf,377,2018 | 14 | 116 | 119,"Witten, E. (2018). Symmetry and emergence. Nature Physics, 14, 116–119.​"
0,9896+JAM+(1) (5)(10).pdf,378,10.1038,https://doi.org/10.1038/nphys4264
0,9896+JAM+(1) (5)(10).pdf,379,1935,"Yukawa, H. (1935). On the interaction of elementary particles. Proceedings of the Physico-Mathematical"
0,9896+JAM+(1) (5)(10).pdf,380,17 | 48 | 57,"Society of Japan, 17, 48–57."
0,9896+JAM+(1) (5)(10).pdf,385,74,74
1,9887+JAM+(1) (4)(10).pdf,1,25 | 2026 | 2347 | 1921,Journal of Advances in Mathematics Vol 25(2026) ISSN: 2347-1921                                https://rajpub.com/index.php/jam
1,9887+JAM+(1) (4)(10).pdf,5,10.24297,DOI: https://doi.org/10.24297/jam.v25i.9887
1,9887+JAM+(1) (4)(10).pdf,12,1,Title Page ........................................ 1​
1,9887+JAM+(1) (4)(10).pdf,13,2,Abstract .......................................... 2
1,9887+JAM+(1) (4)(10).pdf,14,1 | 2 | 3,1.​ Introduction .................................. 2–3
1,9887+JAM+(1) (4)(10).pdf,15,2 | 3 | 6,2.​ Operator-Glyph Formulation ............ 3–6​
1,9887+JAM+(1) (4)(10).pdf,16,2.0 | 4 | 5,2.0 Glyph Operator System ............. 4–5​
1,9887+JAM+(1) (4)(10).pdf,17,2.1 | 6,2.1 Unified Energy Functional ........ 6​
1,9887+JAM+(1) (4)(10).pdf,18,2.2 | 7,2.2 Glyph Operator Chain Γ ............ 7​
1,9887+JAM+(1) (4)(10).pdf,19,2.3 | 7,2.3 Extended WHERE .................... 7​
1,9887+JAM+(1) (4)(10).pdf,20,2.4 | 8,2.4 Admissibility Condition ............ 8​
1,9887+JAM+(1) (4)(10).pdf,21,2.5 | 8,2.5 Structural Interpretation .......... 8
1,9887+JAM+(1) (4)(10).pdf,22,3 | 8 | 10,3.​ Admissibility & Monster Constraint ... 8–10​
1,9887+JAM+(1) (4)(10).pdf,23,3.1 | 8,3.1 Closure Condition ................... 8​
1,9887+JAM+(1) (4)(10).pdf,24,3.2 | 9,3.2 Exciternion Admissibility ......... 9​
1,9887+JAM+(1) (4)(10).pdf,25,3.3 | 9,3.3 Σ60 Enforcement .................... 9​
1,9887+JAM+(1) (4)(10).pdf,26,3.4 | 10,3.4 Monster Constraint ................. 10​
1,9887+JAM+(1) (4)(10).pdf,27,3.5 | 10,3.5 Kill-Switch Condition .............. 10​
1,9887+JAM+(1) (4)(10).pdf,28,3.6 | 10,3.6 Structural Interpretation .......... 10
1,9887+JAM+(1) (4)(10).pdf,29,4 | 11 | 13,4.​ Reduction & Physical Recovery ........ 11–13​
1,9887+JAM+(1) (4)(10).pdf,30,4.1 | 11,4.1 Requirement .......................... 11​
1,9887+JAM+(1) (4)(10).pdf,31,4.2 | 11,4.2 GR Limit ................................ 11​
1,9887+JAM+(1) (4)(10).pdf,32,4.3 | 11,4.3 QFT Limit .............................. 11​
1,9887+JAM+(1) (4)(10).pdf,33,4.4 | 12,4.4 Yukawa Behavior .................... 12​
1,9887+JAM+(1) (4)(10).pdf,34,4.5 | 12,4.5 Failure Under Reduction .......... 12​
1,9887+JAM+(1) (4)(10).pdf,35,4.6 | 12,4.6 Structural Interpretation .......... 12​
1,9887+JAM+(1) (4)(10).pdf,36,4.7 | 13,4.7 Unified Implication ................. 13
1,9887+JAM+(1) (4)(10).pdf,37,5 | 13 | 14,5.​ Conclusion .................................. 13–14​
1,9887+JAM+(1) (4)(10).pdf,38,5.1 | 13,5.1 Summary .............................. 13​
1,9887+JAM+(1) (4)(10).pdf,39,5.2 | 13,5.2 Admissibility Resolution .......... 13​
1,9887+JAM+(1) (4)(10).pdf,40,5.3 | 13,5.3 Unified Structure .................... 13​
1,9887+JAM+(1) (4)(10).pdf,41,5.4 | 14,5.4 Falsifiability ............................ 14​
1,9887+JAM+(1) (4)(10).pdf,42,5.5 | 14,5.5 Closure Program Position ........ 14​
1,9887+JAM+(1) (4)(10).pdf,43,5.6 | 14,5.6 Final Statement ..................... 14
1,9887+JAM+(1) (4)(10).pdf,44,14,Conflicts of Interest ......................... 14​
1,9887+JAM+(1) (4)(10).pdf,45,14,Funding Statement .......................... 14​
1,9887+JAM+(1) (4)(10).pdf,46,14,Author Biography ............................ 14​
1,9887+JAM+(1) (4)(10).pdf,47,1,References ...................................... 1
1,9887+JAM+(1) (4)(10).pdf,59,21,21
1,9887+JAM+(1) (4)(10).pdf,61,25 | 2026 | 2347 | 1921,Journal of Advances in Mathematics Vol 25(2026) ISSN: 2347-1921                    https://rajpub.com/index.php/jam
1,9887+JAM+(1) (4)(10).pdf,108,22,22
1,9887+JAM+(1) (4)(10).pdf,110,25 | 2026 | 2347 | 1921,Journal of Advances in Mathematics Vol 25(2026) ISSN: 2347-1921   https://rajpub.com/index.php/jam
1,9887+JAM+(1) (4)(10).pdf,115,23,23
1,9887+JAM+(1) (4)(10).pdf,117,25 | 2026 | 2347 | 1921,Journal of Advances in Mathematics Vol 25(2026) ISSN: 2347-1921   https://rajpub.com/index.php/jam
1,9887+JAM+(1) (4)(10).pdf,122,24,24
1,9887+JAM+(1) (4)(10).pdf,124,25 | 2026 | 2347 | 1921,Journal of Advances in Mathematics Vol 25(2026) ISSN: 2347-1921   https://rajpub.com/index.php/jam
1,9887+JAM+(1) (4)(10).pdf,129,25,25
1,9887+JAM+(1) (4)(10).pdf,131,25 | 2026 | 2347 | 1921,Journal of Advances in Mathematics Vol 25(2026) ISSN: 2347-1921   https://rajpub.com/index.php/jam
1,9887+JAM+(1) (4)(10).pdf,136,26,26
1,9887+JAM+(1) (4)(10).pdf,138,25 | 2026 | 2347 | 1921,Journal of Advances in Mathematics Vol 25(2026) ISSN: 2347-1921   https://rajpub.com/index.php/jam
1,9887+JAM+(1) (4)(10).pdf,143,27,27
1,9887+JAM+(1) (4)(10).pdf,145,25 | 2026 | 2347 | 1921,Journal of Advances in Mathematics Vol 25(2026) ISSN: 2347-1921   https://rajpub.com/index.php/jam
1,9887+JAM+(1) (4)(10).pdf,150,28,28
1,9887+JAM+(1) (4)(10).pdf,152,25 | 2026 | 2347 | 1921,Journal of Advances in Mathematics Vol 25(2026) ISSN: 2347-1921   https://rajpub.com/index.php/jam
1,9887+JAM+(1) (4)(10).pdf,157,29,29
1,9887+JAM+(1) (4)(10).pdf,159,25 | 2026 | 2347 | 1921,Journal of Advances in Mathematics Vol 25(2026) ISSN: 2347-1921   https://rajpub.com/index.php/jam
1,9887+JAM+(1) (4)(10).pdf,164,30,30
1,9887+JAM+(1) (4)(10).pdf,166,25 | 2026 | 2347 | 1921,Journal of Advances in Mathematics Vol 25(2026) ISSN: 2347-1921   https://rajpub.com/index.php/jam
1,9887+JAM+(1) (4)(10).pdf,171,31,31
1,9887+JAM+(1) (4)(10).pdf,173,25 | 2026 | 2347 | 1921,Journal of Advances in Mathematics Vol 25(2026) ISSN: 2347-1921   https://rajpub.com/index.php/jam
1,9887+JAM+(1) (4)(10).pdf,178,32,32
1,9887+JAM+(1) (4)(10).pdf,180,25 | 2026 | 2347 | 1921,Journal of Advances in Mathematics Vol 25(2026) ISSN: 2347-1921                  https://rajpub.com/index.php/jam
1,9887+JAM+(1) (4)(10).pdf,198,2017,"Arkani-Hamed, N., Huang, Y., & O’Connell, D. (2017). Scattering amplitudes and the positive Grassmannian."
1,9887+JAM+(1) (4)(10).pdf,200,10.1007 | 2017 | 068,DOI: https://doi.org/10.1007/JHEP11(2017)068
1,9887+JAM+(1) (4)(10).pdf,201,2018,"Baez, J. C., & Huerta, J. (2018). The algebra of grand unified theories. Bulletin of the American Mathematical"
1,9887+JAM+(1) (4)(10).pdf,202,47 | 3 | 483 | 552,"Society, 47(3), 483–552.​"
1,9887+JAM+(1) (4)(10).pdf,203,10.1090 | 0979 | 10 | 01280 | 8,DOI: https://doi.org/10.1090/S0273-0979-10-01280-8
1,9887+JAM+(1) (4)(10).pdf,204,2019,"Carroll, S. M. (2019). Spacetime and geometry: An introduction to general relativity. Cambridge University Press.​"
1,9887+JAM+(1) (4)(10).pdf,205,10.1017 | 9781108770385,DOI: https://doi.org/10.1017/9781108770385
1,9887+JAM+(1) (4)(10).pdf,209,33,33
1,9887+JAM+(1) (4)(10).pdf,211,25 | 2026 | 2347 | 1921,Journal of Advances in Mathematics Vol 25(2026) ISSN: 2347-1921                   https://rajpub.com/index.php/jam
1,9887+JAM+(1) (4)(10).pdf,215,1979 | 11 | 3,"Conway, J. H., & Norton, S. P. (1979). Monstrous moonshine. Bulletin of the London Mathematical Society, 11(3),"
1,9887+JAM+(1) (4)(10).pdf,216,308 | 339,308–339.​
1,9887+JAM+(1) (4)(10).pdf,217,10.1112 | 11.3,DOI: https://doi.org/10.1112/blms/11.3.308
1,9887+JAM+(1) (4)(10).pdf,218,1916 | 49 | 769 | 822,"Einstein, A. (1916). The foundation of the general theory of relativity. Annalen der Physik, 49, 769–822."
1,9887+JAM+(1) (4)(10).pdf,219,2025 | 96,"Flom, A. (2025). Sigmatics: A 96-class geometric algebra computational framework for high-dimensional recursive"
1,9887+JAM+(1) (4)(10).pdf,221,10.5281,https://doi.org/10.5281/zenodo.17791722
1,9887+JAM+(1) (4)(10).pdf,222,1982 | 69 | 1 | 1 | 102,"Griess, R. L. (1982). The friendly giant (The Monster group). Inventiones Mathematicae, 69(1), 1–102.​"
1,9887+JAM+(1) (4)(10).pdf,223,10.1007,DOI: https://doi.org/10.1007/BF01389347
1,9887+JAM+(1) (4)(10).pdf,224,2025 | 60,"McClain, J. (2025). A recursive closure criterion for a theory of everything: A 60-glyph quaternionic inter-domain"
1,9887+JAM+(1) (4)(10).pdf,226,10.5281,DOI: https://doi.org/10.5281/zenodo.18228214
1,9887+JAM+(1) (4)(10).pdf,227,2025,"McClain, J. (2025). The SEXA mathematical framework — Unified recursive manifold dynamics, dimensional"
1,9887+JAM+(1) (4)(10).pdf,229,10.5281,DOI: https://doi.org/10.5281/zenodo.17791722
1,9887+JAM+(1) (4)(10).pdf,230,2025 | 60 | 5,"McClain, J. (2025). The SEXA recursive energy functional (SREF): Spectral gain-60 recursion on a 5D manifold"
1,9887+JAM+(1) (4)(10).pdf,232,10.5281,DOI: https://doi.org/10.5281/zenodo.19387116
1,9887+JAM+(1) (4)(10).pdf,233,1995,"Peskin, M. E., & Schroeder, D. V. (1995). An introduction to quantum field theory. Addison-Wesley."
1,9887+JAM+(1) (4)(10).pdf,234,2017,"Polchinski, J. (2017). Effective field theory and the Fermi surface.​"
1,9887+JAM+(1) (4)(10).pdf,235,10.48550,DOI: https://doi.org/10.48550/arXiv.1708.09079
1,9887+JAM+(1) (4)(10).pdf,236,2020,"Schwartz, M. D. (2020). Quantum field theory and the standard model (Updated ed.). Cambridge University"
1,9887+JAM+(1) (4)(10).pdf,238,2018 | 14 | 116 | 119,"Witten, E. (2018). Symmetry and emergence. Nature Physics, 14, 116–119.​"
1,9887+JAM+(1) (4)(10).pdf,239,10.1038,DOI: https://doi.org/10.1038/nphys4264
1,9887+JAM+(1) (4)(10).pdf,240,1935,"Yukawa, H. (1935). On the interaction of elementary particles. Proceedings of the Physico-Mathematical Society"
1,9887+JAM+(1) (4)(10).pdf,241,17 | 48 | 57,"of Japan, 17, 48–57."
1,9887+JAM+(1) (4)(10).pdf,242,2026,"McClain, J. (2026). Formal compatibility and falsifiability assessment of the SEXA unified field model. Zenodo."
1,9887+JAM+(1) (4)(10).pdf,243,10.5281,DOI: https://doi.org/10.5281/zenodo.19287354
1,9887+JAM+(1) (4)(10).pdf,244,2018,"Hossenfelder, S. (2018). Lost in math:                 How     beauty   leads   physics    astray.   Basic   Books."
1,9887+JAM+(1) (4)(10).pdf,245,10.48550,DOI: https://doi.org/10.48550/arXiv.1803.07038
1,9887+JAM+(1) (4)(10).pdf,246,2021,"Rovelli, C. (2021). Helgoland: Making sense of the quantum revolution. Riverhead Books."
1,9887+JAM+(1) (4)(10).pdf,251,34,34
2,9880 JAM(7).pdf,1,25 | 2026 | 2347 | 1921,Journal of Advances in Mathematics Vol 25(2026) ISSN: 2347-1921                               https://rajpub.com/index.php/jam
2,9880 JAM(7).pdf,5,10.24297,DOI: https://doi.org/10.24297/jam.v25i.9880
2,9880 JAM(7).pdf,20,2880,"Higher-dimensional contributions are incorporated through a 2880-dimensional payload interception product,"
2,9880 JAM(7).pdf,28,1,Abstract ......................................................... 1
2,9880 JAM(7).pdf,29,1 | 3,1.​ Introduction .................................................. 3
2,9880 JAM(7).pdf,30,2 | 4,2.​ The SEXA Recursive Energy Functional (SREF) ................. 4​
2,9880 JAM(7).pdf,31,2.1 | 4,2.1 Recursive Energy Functional ................................ 4​
2,9880 JAM(7).pdf,32,2.2 | 5,2.2 Dimensional Payload Interception ........................... 5​
2,9880 JAM(7).pdf,33,2.3 | 6,2.3 Recursive Logic Amplification .............................. 6​
2,9880 JAM(7).pdf,34,2.4 | 6,2.4 Boundary Field Contribution ................................ 6​
2,9880 JAM(7).pdf,35,2.5 | 6,2.5 Dimensional Limitation ..................................... 6​
2,9880 JAM(7).pdf,36,2.6 | 7,2.6 Role in Platform Stabilization ............................. 7
2,9880 JAM(7).pdf,37,3 | 7,3.​ Recursive Soil Bearing Architecture (RSBA) ................. 7​
2,9880 JAM(7).pdf,38,3.1 | 8,3.1 Boundary-Induced Stress Decoupling ......................... 8​
2,9880 JAM(7).pdf,39,3.2 | 8,3.2 RSBA Stabilization Condition ............................... 8​
2,9880 JAM(7).pdf,40,3.3 | 9,3.3 Hess-Triangle Application ................................. 9
2,9880 JAM(7).pdf,41,4 | 9,4.​ Negentropic Boundary-Field Reactor (NBFR) ................. 9​
2,9880 JAM(7).pdf,42,4.1 | 9,4.1 Reactor Ignition ........................................... 9​
2,9880 JAM(7).pdf,43,4.2 | 10,4.2 Oscillator Injection Layer ................................ 10​
2,9880 JAM(7).pdf,44,4.3 | 10,4.3 Graphene Macro-Inductive Shell ............................ 10​
2,9880 JAM(7).pdf,45,4.4 | 10,4.4 Dipole Separation and Recapture ........................... 10​
2,9880 JAM(7).pdf,46,4.5 | 11,4.5 Boundary-Field Generation ................................ 11​
2,9880 JAM(7).pdf,47,4.6 | 11,4.6 Reactor Role ............................................. 11
2,9880 JAM(7).pdf,48,5 | 2880 | 11,5.​ 2880-Dimensional Interception and Amplification ........... 11
2,9880 JAM(7).pdf,49,6 | 12,6.​ Quaternion Rotation & Einstein-Overclock Regime .......... 12
2,9880 JAM(7).pdf,50,7 | 13,7.​ Hess-Triangle Manufactured Land Standard ................. 13
2,9880 JAM(7).pdf,55,2,2
2,9880 JAM(7).pdf,57,25 | 2026 | 2347 | 1921,Journal of Advances in Mathematics Vol 25(2026) ISSN: 2347-1921                    https://rajpub.com/index.php/jam
2,9880 JAM(7).pdf,61,8 | 14,8.​ Stabilization Condition and System Limits ................ 14
2,9880 JAM(7).pdf,62,9 | 14,9.​ Conclusion .................................................. 14
2,9880 JAM(7).pdf,63,15,Appendix A — GR/QFT Compatibility Data ....................... 15​
2,9880 JAM(7).pdf,64,18,Appendix B — Sigmatics Verification Data ..................... 18
2,9880 JAM(7).pdf,65,10 | 19,10.​ References ................................................ 19
2,9880 JAM(7).pdf,66,1,1. Introduction
2,9880 JAM(7).pdf,97,2880,a payload interception product spanning dimensions five through 2880. When combined with quaternion recursive
2,9880 JAM(7).pdf,108,2881,regime below the Sarfatti 2881D boundary.
2,9880 JAM(7).pdf,113,3,3
2,9880 JAM(7).pdf,115,25 | 2026 | 2347 | 1921,Journal of Advances in Mathematics Vol 25(2026) ISSN: 2347-1921       https://rajpub.com/index.php/jam
2,9880 JAM(7).pdf,120,4,4
2,9880 JAM(7).pdf,122,25 | 2026 | 2347 | 1921,Journal of Advances in Mathematics Vol 25(2026) ISSN: 2347-1921       https://rajpub.com/index.php/jam
2,9880 JAM(7).pdf,127,5,5
2,9880 JAM(7).pdf,129,25 | 2026 | 2347 | 1921,Journal of Advances in Mathematics Vol 25(2026) ISSN: 2347-1921       https://rajpub.com/index.php/jam
2,9880 JAM(7).pdf,134,6,6
2,9880 JAM(7).pdf,136,25 | 2026 | 2347 | 1921,Journal of Advances in Mathematics Vol 25(2026) ISSN: 2347-1921       https://rajpub.com/index.php/jam
2,9880 JAM(7).pdf,141,7,7
2,9880 JAM(7).pdf,143,25 | 2026 | 2347 | 1921,Journal of Advances in Mathematics Vol 25(2026) ISSN: 2347-1921       https://rajpub.com/index.php/jam
2,9880 JAM(7).pdf,148,8,8
2,9880 JAM(7).pdf,150,25 | 2026 | 2347 | 1921,Journal of Advances in Mathematics Vol 25(2026) ISSN: 2347-1921       https://rajpub.com/index.php/jam
2,9880 JAM(7).pdf,155,9,9
2,9880 JAM(7).pdf,157,25 | 2026 | 2347 | 1921,Journal of Advances in Mathematics Vol 25(2026) ISSN: 2347-1921        https://rajpub.com/index.php/jam
2,9880 JAM(7).pdf,162,10,10
2,9880 JAM(7).pdf,164,25 | 2026 | 2347 | 1921,Journal of Advances in Mathematics Vol 25(2026) ISSN: 2347-1921        https://rajpub.com/index.php/jam
2,9880 JAM(7).pdf,169,11,11
2,9880 JAM(7).pdf,171,25 | 2026 | 2347 | 1921,Journal of Advances in Mathematics Vol 25(2026) ISSN: 2347-1921        https://rajpub.com/index.php/jam
2,9880 JAM(7).pdf,176,12,12
2,9880 JAM(7).pdf,178,25 | 2026 | 2347 | 1921,Journal of Advances in Mathematics Vol 25(2026) ISSN: 2347-1921        https://rajpub.com/index.php/jam
2,9880 JAM(7).pdf,183,13,13
2,9880 JAM(7).pdf,185,25 | 2026 | 2347 | 1921,Journal of Advances in Mathematics Vol 25(2026) ISSN: 2347-1921        https://rajpub.com/index.php/jam
2,9880 JAM(7).pdf,190,14,14
2,9880 JAM(7).pdf,192,25 | 2026 | 2347 | 1921,Journal of Advances in Mathematics Vol 25(2026) ISSN: 2347-1921        https://rajpub.com/index.php/jam
2,9880 JAM(7).pdf,197,15,15
2,9880 JAM(7).pdf,199,25 | 2026 | 2347 | 1921,Journal of Advances in Mathematics Vol 25(2026) ISSN: 2347-1921        https://rajpub.com/index.php/jam
2,9880 JAM(7).pdf,204,16,16
2,9880 JAM(7).pdf,206,25 | 2026 | 2347 | 1921,Journal of Advances in Mathematics Vol 25(2026) ISSN: 2347-1921        https://rajpub.com/index.php/jam
2,9880 JAM(7).pdf,224,17,17
2,9880 JAM(7).pdf,226,25 | 2026 | 2347 | 1921,Journal of Advances in Mathematics Vol 25(2026) ISSN: 2347-1921        https://rajpub.com/index.php/jam
2,9880 JAM(7).pdf,235,18,18
2,9880 JAM(7).pdf,237,25 | 2026 | 2347 | 1921,Journal of Advances in Mathematics Vol 25(2026) ISSN: 2347-1921        https://rajpub.com/index.php/jam
2,9880 JAM(7).pdf,242,2880,2880-D SEXA manifold
2,9880 JAM(7).pdf,244,8,8-D spinor basis
2,9880 JAM(7).pdf,246,5,5-D exciter coordinates
2,9880 JAM(7).pdf,248,32,32 triality orbit classes
2,9880 JAM(7).pdf,250,3,"3 operational transforms (R,T,M)"
2,9880 JAM(7).pdf,252,1,1 computational result
2,9880 JAM(7).pdf,256,18.86,Average excitation             n̄ ≈ 18.86
2,9880 JAM(7).pdf,258,26.83,Empire wave constant           CΩ ≈ 26.83
2,9880 JAM(7).pdf,260,0.375,Thinning ratio                 ≈ 0.375
2,9880 JAM(7).pdf,262,2,Propagation/resonance ratio    ≈ √2
2,9880 JAM(7).pdf,267,19,19
2,9880 JAM(7).pdf,269,25 | 2026 | 2347 | 1921,Journal of Advances in Mathematics Vol 25(2026) ISSN: 2347-1921                  https://rajpub.com/index.php/jam
2,9880 JAM(7).pdf,275,1941,"Biot, M. A. (1941). General theory of three-dimensional consolidation. Journal of Applied Physics."
2,9880 JAM(7).pdf,276,1915,"Einstein, A. (1915). The field equations of gravitation."
2,9880 JAM(7).pdf,277,1928,"Dirac, P. A. M. (1928). The quantum theory of the electron."
2,9880 JAM(7).pdf,278,1943,"Terzaghi, K. (1943). Theoretical soil mechanics."
2,9880 JAM(7).pdf,279,1995,"Peskin, M. E., & Schroeder, D. V. (1995). An introduction to quantum field theory."
2,9880 JAM(7).pdf,280,1973,"Misner, C. W., Thorne, K. S., & Wheeler, J. A. (1973). Gravitation."
2,9880 JAM(7).pdf,281,1948,"Casimir, H. B. G. (1948). On the attraction between two plates."
2,9880 JAM(7).pdf,282,2026,"McClain, J. (2026). SEXA Recursive Energy Functional (SREF)."
2,9880 JAM(7).pdf,291,20,20
3,A Recursive Closure Criterion for a Theory of Everything  A 60-Glyph Quaternionic Inter-Domain Syllogistic Admissibility Standard (1)(20260810-123408).pdf,2,60,A 60-Glyph Quaternionic Inter-Domain Syllogistic Admissibility​
3,A Recursive Closure Criterion for a Theory of Everything  A 60-Glyph Quaternionic Inter-Domain Syllogistic Admissibility Standard (1)(20260810-123408).pdf,4,1 | 10 | 25,"Jered Mcclain SEXA Mathematical Sciences, SEXA Institute 1/10/25"
3,A Recursive Closure Criterion for a Theory of Everything  A 60-Glyph Quaternionic Inter-Domain Syllogistic Admissibility Standard (1)(20260810-123408).pdf,8,0009 | 0005 | 6185 | 3749,download portal: https://PrimeAtomOfLogic.com https://orcid.org/0009-0005-6185-3749
3,A Recursive Closure Criterion for a Theory of Everything  A 60-Glyph Quaternionic Inter-Domain Syllogistic Admissibility Standard (1)(20260810-123408).pdf,10,0009 | 0005 | 6185 | 3749,https://orcid.org/0009-0005-6185-3749
3,A Recursive Closure Criterion for a Theory of Everything  A 60-Glyph Quaternionic Inter-Domain Syllogistic Admissibility Standard (1)(20260810-123408).pdf,20,2880,action defined on a five-dimensional exciter manifold with recursive extension up to 2880 dimensions.
3,A Recursive Closure Criterion for a Theory of Everything  A 60-Glyph Quaternionic Inter-Domain Syllogistic Admissibility Standard (1)(20260810-123408).pdf,50,2880,higher-dimensional structures up to 2880 dimensions. Observable three-dimensional physics arises as an
3,A Recursive Closure Criterion for a Theory of Everything  A 60-Glyph Quaternionic Inter-Domain Syllogistic Admissibility Standard (1)(20260810-123408).pdf,90,1.1,1.1 Position of SEXA Within the Present Work
3,A Recursive Closure Criterion for a Theory of Everything  A 60-Glyph Quaternionic Inter-Domain Syllogistic Admissibility Standard (1)(20260810-123408).pdf,101,1.2,1.2 Core Structure of SEXA Unified Field Theory
3,A Recursive Closure Criterion for a Theory of Everything  A 60-Glyph Quaternionic Inter-Domain Syllogistic Admissibility Standard (1)(20260810-123408).pdf,121,1.3,1.3 Dimensional Architecture and Projection
3,A Recursive Closure Criterion for a Theory of Everything  A 60-Glyph Quaternionic Inter-Domain Syllogistic Admissibility Standard (1)(20260810-123408).pdf,124,2880,"regime, while recursive extension into higher dimensions—up to 2880—is permitted under invariant-preserving collapse operators."
3,A Recursive Closure Criterion for a Theory of Everything  A 60-Glyph Quaternionic Inter-Domain Syllogistic Admissibility Standard (1)(20260810-123408).pdf,134,1.4,"1.4 Energy as Accounting, Not Propagation"
3,A Recursive Closure Criterion for a Theory of Everything  A 60-Glyph Quaternionic Inter-Domain Syllogistic Admissibility Standard (1)(20260810-123408).pdf,149,1.5,1.5 Sexagesimal Scaling and the Emergence of Cadence
3,A Recursive Closure Criterion for a Theory of Everything  A 60-Glyph Quaternionic Inter-Domain Syllogistic Admissibility Standard (1)(20260810-123408).pdf,162,1.6,1.6 Transition: From Unified Action to Admissibility Gate
3,A Recursive Closure Criterion for a Theory of Everything  A 60-Glyph Quaternionic Inter-Domain Syllogistic Admissibility Standard (1)(20260810-123408).pdf,179,2.1,2.1 Why a Remedial Examination Is Required
3,A Recursive Closure Criterion for a Theory of Everything  A 60-Glyph Quaternionic Inter-Domain Syllogistic Admissibility Standard (1)(20260810-123408).pdf,188,2.2,2.2 Sexagesimal Scaling and the Empire Wave Structure
3,A Recursive Closure Criterion for a Theory of Everything  A 60-Glyph Quaternionic Inter-Domain Syllogistic Admissibility Standard (1)(20260810-123408).pdf,206,2.3,2.3 Ω-Variant Refinement and Dimensional Recursion
3,A Recursive Closure Criterion for a Theory of Everything  A 60-Glyph Quaternionic Inter-Domain Syllogistic Admissibility Standard (1)(20260810-123408).pdf,213,2.4,2.4 Energy as a Subset Behavior
3,A Recursive Closure Criterion for a Theory of Everything  A 60-Glyph Quaternionic Inter-Domain Syllogistic Admissibility Standard (1)(20260810-123408).pdf,222,2.5,2.5 Failure Modes and Termination Boundaries
3,A Recursive Closure Criterion for a Theory of Everything  A 60-Glyph Quaternionic Inter-Domain Syllogistic Admissibility Standard (1)(20260810-123408).pdf,233,2.6,2.6 The Unavoidable Conclusion
3,A Recursive Closure Criterion for a Theory of Everything  A 60-Glyph Quaternionic Inter-Domain Syllogistic Admissibility Standard (1)(20260810-123408).pdf,251,3.1,3.1 From Unified Action to Admissibility Failure
3,A Recursive Closure Criterion for a Theory of Everything  A 60-Glyph Quaternionic Inter-Domain Syllogistic Admissibility Standard (1)(20260810-123408).pdf,264,3.2,3.2 Why Refinement of the Action Is Insufficient
3,A Recursive Closure Criterion for a Theory of Everything  A 60-Glyph Quaternionic Inter-Domain Syllogistic Admissibility Standard (1)(20260810-123408).pdf,274,3.3,"3.3 Energy, Fields, and Events as Conditional Objects"
3,A Recursive Closure Criterion for a Theory of Everything  A 60-Glyph Quaternionic Inter-Domain Syllogistic Admissibility Standard (1)(20260810-123408).pdf,285,3.4,3.4 Requirements for an Admissibility Primitive
3,A Recursive Closure Criterion for a Theory of Everything  A 60-Glyph Quaternionic Inter-Domain Syllogistic Admissibility Standard (1)(20260810-123408).pdf,288,1,"1.​   Operate prior to interpretation, assigning no physical meaning by itself.​"
3,A Recursive Closure Criterion for a Theory of Everything  A 60-Glyph Quaternionic Inter-Domain Syllogistic Admissibility Standard (1)(20260810-123408).pdf,290,2,2.​   Evaluate recursive application of the framework rather than single configurations.​
3,A Recursive Closure Criterion for a Theory of Everything  A 60-Glyph Quaternionic Inter-Domain Syllogistic Admissibility Standard (1)(20260810-123408).pdf,292,3,"3.​   Enforce global closure, not merely local consistency.​"
3,A Recursive Closure Criterion for a Theory of Everything  A 60-Glyph Quaternionic Inter-Domain Syllogistic Admissibility Standard (1)(20260810-123408).pdf,294,4,"4.​   Apply uniformly across domains, admitting no privileged layer of explanation.​"
3,A Recursive Closure Criterion for a Theory of Everything  A 60-Glyph Quaternionic Inter-Domain Syllogistic Admissibility Standard (1)(20260810-123408).pdf,296,5,"5.​   Terminate decisively when admissibility fails, without recourse to approximation.​"
3,A Recursive Closure Criterion for a Theory of Everything  A 60-Glyph Quaternionic Inter-Domain Syllogistic Admissibility Standard (1)(20260810-123408).pdf,305,3.5,3.5 Admissibility as a Logical Gate
3,A Recursive Closure Criterion for a Theory of Everything  A 60-Glyph Quaternionic Inter-Domain Syllogistic Admissibility Standard (1)(20260810-123408).pdf,315,3.6,3.6 Toward a Prime Atom of Logic
3,A Recursive Closure Criterion for a Theory of Everything  A 60-Glyph Quaternionic Inter-Domain Syllogistic Admissibility Standard (1)(20260810-123408).pdf,335,4.1,4.1 Introduction of the Exciternion
3,A Recursive Closure Criterion for a Theory of Everything  A 60-Glyph Quaternionic Inter-Domain Syllogistic Admissibility Standard (1)(20260810-123408).pdf,347,4.2,4.2 Definition of the Exciternion (Prime Atom of Logic)
3,A Recursive Closure Criterion for a Theory of Everything  A 60-Glyph Quaternionic Inter-Domain Syllogistic Admissibility Standard (1)(20260810-123408).pdf,349,1,Definition 1 (Exciternion / Prime Atom of Logic).​
3,A Recursive Closure Criterion for a Theory of Everything  A 60-Glyph Quaternionic Inter-Domain Syllogistic Admissibility Standard (1)(20260810-123408).pdf,359,4.3,4.3 The Admissibility Space Generated by the Exciternion
3,A Recursive Closure Criterion for a Theory of Everything  A 60-Glyph Quaternionic Inter-Domain Syllogistic Admissibility Standard (1)(20260810-123408).pdf,361,4.4,4.4 Properties of the Exciternion
3,A Recursive Closure Criterion for a Theory of Everything  A 60-Glyph Quaternionic Inter-Domain Syllogistic Admissibility Standard (1)(20260810-123408).pdf,365,1,1.​ Pre-Interpretive​
3,A Recursive Closure Criterion for a Theory of Everything  A 60-Glyph Quaternionic Inter-Domain Syllogistic Admissibility Standard (1)(20260810-123408).pdf,368,2,2.​ Recursive​
3,A Recursive Closure Criterion for a Theory of Everything  A 60-Glyph Quaternionic Inter-Domain Syllogistic Admissibility Standard (1)(20260810-123408).pdf,371,3,3.​ Closure-Enforcing​
3,A Recursive Closure Criterion for a Theory of Everything  A 60-Glyph Quaternionic Inter-Domain Syllogistic Admissibility Standard (1)(20260810-123408).pdf,374,4,4.​ Domain-Neutral​
3,A Recursive Closure Criterion for a Theory of Everything  A 60-Glyph Quaternionic Inter-Domain Syllogistic Admissibility Standard (1)(20260810-123408).pdf,378,5,5.​ Fail-Decisive​
3,A Recursive Closure Criterion for a Theory of Everything  A 60-Glyph Quaternionic Inter-Domain Syllogistic Admissibility Standard (1)(20260810-123408).pdf,381,6,6.​ Irreducible​
3,A Recursive Closure Criterion for a Theory of Everything  A 60-Glyph Quaternionic Inter-Domain Syllogistic Admissibility Standard (1)(20260810-123408).pdf,388,4.5,4.5 Exciternion Versus Conventional Primitives
3,A Recursive Closure Criterion for a Theory of Everything  A 60-Glyph Quaternionic Inter-Domain Syllogistic Admissibility Standard (1)(20260810-123408).pdf,399,4.6,4.6 Consequences for Unified Theories
3,A Recursive Closure Criterion for a Theory of Everything  A 60-Glyph Quaternionic Inter-Domain Syllogistic Admissibility Standard (1)(20260810-123408).pdf,407,5.1,5.1 From Admissibility Object to Operative Criterion
3,A Recursive Closure Criterion for a Theory of Everything  A 60-Glyph Quaternionic Inter-Domain Syllogistic Admissibility Standard (1)(20260810-123408).pdf,416,5.4,5.4 Closure as a Global Property
3,A Recursive Closure Criterion for a Theory of Everything  A 60-Glyph Quaternionic Inter-Domain Syllogistic Admissibility Standard (1)(20260810-123408).pdf,424,5.5,"5.5 Failure Is Decisive, Not Pathological"
3,A Recursive Closure Criterion for a Theory of Everything  A 60-Glyph Quaternionic Inter-Domain Syllogistic Admissibility Standard (1)(20260810-123408).pdf,436,5.6,5.6 Domain Neutrality Under Recursion
3,A Recursive Closure Criterion for a Theory of Everything  A 60-Glyph Quaternionic Inter-Domain Syllogistic Admissibility Standard (1)(20260810-123408).pdf,446,5.7,5.7 Recursive Closure as the Admissibility Criterion
3,A Recursive Closure Criterion for a Theory of Everything  A 60-Glyph Quaternionic Inter-Domain Syllogistic Admissibility Standard (1)(20260810-123408).pdf,458,6,SECTION 6 — The Σ₆₀ Glyph System as the Operational Basis of
3,A Recursive Closure Criterion for a Theory of Everything  A 60-Glyph Quaternionic Inter-Domain Syllogistic Admissibility Standard (1)(20260810-123408).pdf,514,6,"For this reason, the Σ₆₀ glyph system introduced in the remainder of Section 6 does not modify ontology. It operates on"
3,A Recursive Closure Criterion for a Theory of Everything  A 60-Glyph Quaternionic Inter-Domain Syllogistic Admissibility Standard (1)(20260810-123408).pdf,530,6.2,6.2 The Σ₆₀ Glyph Set
3,A Recursive Closure Criterion for a Theory of Everything  A 60-Glyph Quaternionic Inter-Domain Syllogistic Admissibility Standard (1)(20260810-123408).pdf,537,1,"1.​ an operator acting on configurations under evaluation,​"
3,A Recursive Closure Criterion for a Theory of Everything  A 60-Glyph Quaternionic Inter-Domain Syllogistic Admissibility Standard (1)(20260810-123408).pdf,539,2,"2.​ an invariant constraint enforcing closure conditions, and​"
3,A Recursive Closure Criterion for a Theory of Everything  A 60-Glyph Quaternionic Inter-Domain Syllogistic Admissibility Standard (1)(20260810-123408).pdf,541,3,3.​ a syllogistic axiom governing admissible inference.​
3,A Recursive Closure Criterion for a Theory of Everything  A 60-Glyph Quaternionic Inter-Domain Syllogistic Admissibility Standard (1)(20260810-123408).pdf,592,1 | 60,τ        Time tick (1/60)     Chronon
3,A Recursive Closure Criterion for a Theory of Everything  A 60-Glyph Quaternionic Inter-Domain Syllogistic Admissibility Standard (1)(20260810-123408).pdf,629,1 | 60,(1/60)
3,A Recursive Closure Criterion for a Theory of Everything  A 60-Glyph Quaternionic Inter-Domain Syllogistic Admissibility Standard (1)(20260810-123408).pdf,693,3.5,"Throughout this work, the six-glyph compression (Figure 3.5), the quaternionic / Exciternion structure, and the"
3,A Recursive Closure Criterion for a Theory of Everything  A 60-Glyph Quaternionic Inter-Domain Syllogistic Admissibility Standard (1)(20260810-123408).pdf,721,7.1,7.1 Why Triality Is Required
3,A Recursive Closure Criterion for a Theory of Everything  A 60-Glyph Quaternionic Inter-Domain Syllogistic Admissibility Standard (1)(20260810-123408).pdf,732,7.2,7.2 Quaternionic Structure of Admissibility
3,A Recursive Closure Criterion for a Theory of Everything  A 60-Glyph Quaternionic Inter-Domain Syllogistic Admissibility Standard (1)(20260810-123408).pdf,736,1,"1.​ Operator (what acts),​"
3,A Recursive Closure Criterion for a Theory of Everything  A 60-Glyph Quaternionic Inter-Domain Syllogistic Admissibility Standard (1)(20260810-123408).pdf,738,2,"2.​ Constraint (what must be preserved),​"
3,A Recursive Closure Criterion for a Theory of Everything  A 60-Glyph Quaternionic Inter-Domain Syllogistic Admissibility Standard (1)(20260810-123408).pdf,740,3,3.​ Witness (what certifies closure).​
3,A Recursive Closure Criterion for a Theory of Everything  A 60-Glyph Quaternionic Inter-Domain Syllogistic Admissibility Standard (1)(20260810-123408).pdf,749,7.3,7.3 Inter-Domain Commutation
3,A Recursive Closure Criterion for a Theory of Everything  A 60-Glyph Quaternionic Inter-Domain Syllogistic Admissibility Standard (1)(20260810-123408).pdf,758,7.4,7.4 Triality as a Kill-Switch
3,A Recursive Closure Criterion for a Theory of Everything  A 60-Glyph Quaternionic Inter-Domain Syllogistic Admissibility Standard (1)(20260810-123408).pdf,765,7.5,7.5 Transition to Syllogistic Enumeration
3,A Recursive Closure Criterion for a Theory of Everything  A 60-Glyph Quaternionic Inter-Domain Syllogistic Admissibility Standard (1)(20260810-123408).pdf,772,7.6 | 60,Section 7.6 — The 60 Syllogistic Logics of Recursive
3,A Recursive Closure Criterion for a Theory of Everything  A 60-Glyph Quaternionic Inter-Domain Syllogistic Admissibility Standard (1)(20260810-123408).pdf,780,60,Σ₆₀ — The 60 Logics
3,A Recursive Closure Criterion for a Theory of Everything  A 60-Glyph Quaternionic Inter-Domain Syllogistic Admissibility Standard (1)(20260810-123408).pdf,782,1,1.​ Closure precedes meaning.​
3,A Recursive Closure Criterion for a Theory of Everything  A 60-Glyph Quaternionic Inter-Domain Syllogistic Admissibility Standard (1)(20260810-123408).pdf,784,2,2.​ Axioms bind before atoms.​
3,A Recursive Closure Criterion for a Theory of Everything  A 60-Glyph Quaternionic Inter-Domain Syllogistic Admissibility Standard (1)(20260810-123408).pdf,786,3,"3.​ Where invariants break, being breaks.​"
3,A Recursive Closure Criterion for a Theory of Everything  A 60-Glyph Quaternionic Inter-Domain Syllogistic Admissibility Standard (1)(20260810-123408).pdf,788,4,4.​ The manifold is the verdict.​
3,A Recursive Closure Criterion for a Theory of Everything  A 60-Glyph Quaternionic Inter-Domain Syllogistic Admissibility Standard (1)(20260810-123408).pdf,790,5,"5.​ Recursion is law, not style.​"
3,A Recursive Closure Criterion for a Theory of Everything  A 60-Glyph Quaternionic Inter-Domain Syllogistic Admissibility Standard (1)(20260810-123408).pdf,792,6,6.​ The operator is the witness.​
3,A Recursive Closure Criterion for a Theory of Everything  A 60-Glyph Quaternionic Inter-Domain Syllogistic Admissibility Standard (1)(20260810-123408).pdf,794,7,"7.​ Collapse is admissibility, not convenience.​"
3,A Recursive Closure Criterion for a Theory of Everything  A 60-Glyph Quaternionic Inter-Domain Syllogistic Admissibility Standard (1)(20260810-123408).pdf,796,8,8.​ Projection must not bleed invariants.​
3,A Recursive Closure Criterion for a Theory of Everything  A 60-Glyph Quaternionic Inter-Domain Syllogistic Admissibility Standard (1)(20260810-123408).pdf,798,9,9.​ A theory is a gate: pass or perish.​
3,A Recursive Closure Criterion for a Theory of Everything  A 60-Glyph Quaternionic Inter-Domain Syllogistic Admissibility Standard (1)(20260810-123408).pdf,800,10,"10.​If it cannot fail, it cannot speak.​"
3,A Recursive Closure Criterion for a Theory of Everything  A 60-Glyph Quaternionic Inter-Domain Syllogistic Admissibility Standard (1)(20260810-123408).pdf,802,11,"11.​Define the object, or forfeit the claim.​"
3,A Recursive Closure Criterion for a Theory of Everything  A 60-Glyph Quaternionic Inter-Domain Syllogistic Admissibility Standard (1)(20260810-123408).pdf,804,12,"12.​Define the map, or forfeit the motion.​"
3,A Recursive Closure Criterion for a Theory of Everything  A 60-Glyph Quaternionic Inter-Domain Syllogistic Admissibility Standard (1)(20260810-123408).pdf,806,13,"13.​Define the kill-switch, or forfeit the test.​"
3,A Recursive Closure Criterion for a Theory of Everything  A 60-Glyph Quaternionic Inter-Domain Syllogistic Admissibility Standard (1)(20260810-123408).pdf,808,14,14.​No rescue clauses. No mercy constants.​
3,A Recursive Closure Criterion for a Theory of Everything  A 60-Glyph Quaternionic Inter-Domain Syllogistic Admissibility Standard (1)(20260810-123408).pdf,810,15,15.​What is not conserved is not admitted.​
3,A Recursive Closure Criterion for a Theory of Everything  A 60-Glyph Quaternionic Inter-Domain Syllogistic Admissibility Standard (1)(20260810-123408).pdf,812,16,16.​Symmetry is not ornament; it is constraint.​
3,A Recursive Closure Criterion for a Theory of Everything  A 60-Glyph Quaternionic Inter-Domain Syllogistic Admissibility Standard (1)(20260810-123408).pdf,814,17,17.​A closed action is a sealed oath.​
3,A Recursive Closure Criterion for a Theory of Everything  A 60-Glyph Quaternionic Inter-Domain Syllogistic Admissibility Standard (1)(20260810-123408).pdf,816,18,18.​Dynamics are permissions granted by closure.​
3,A Recursive Closure Criterion for a Theory of Everything  A 60-Glyph Quaternionic Inter-Domain Syllogistic Admissibility Standard (1)(20260810-123408).pdf,818,19,19.​Geometry without failure is rhetoric.​
3,A Recursive Closure Criterion for a Theory of Everything  A 60-Glyph Quaternionic Inter-Domain Syllogistic Admissibility Standard (1)(20260810-123408).pdf,820,20,20.​Measurement begins after self-consistency.​
3,A Recursive Closure Criterion for a Theory of Everything  A 60-Glyph Quaternionic Inter-Domain Syllogistic Admissibility Standard (1)(20260810-123408).pdf,822,21,21.​Dimensional thinning must leave no scar.​
3,A Recursive Closure Criterion for a Theory of Everything  A 60-Glyph Quaternionic Inter-Domain Syllogistic Admissibility Standard (1)(20260810-123408).pdf,824,22,22.​Reduction is sacred only if invariant.​
3,A Recursive Closure Criterion for a Theory of Everything  A 60-Glyph Quaternionic Inter-Domain Syllogistic Admissibility Standard (1)(20260810-123408).pdf,826,23,23.​Local success cannot ransom global violation.​
3,A Recursive Closure Criterion for a Theory of Everything  A 60-Glyph Quaternionic Inter-Domain Syllogistic Admissibility Standard (1)(20260810-123408).pdf,828,24,24.​Convergence is the price of recursion.​
3,A Recursive Closure Criterion for a Theory of Everything  A 60-Glyph Quaternionic Inter-Domain Syllogistic Admissibility Standard (1)(20260810-123408).pdf,830,25,25.​Divergence is excommunication.​
3,A Recursive Closure Criterion for a Theory of Everything  A 60-Glyph Quaternionic Inter-Domain Syllogistic Admissibility Standard (1)(20260810-123408).pdf,832,26,26.​Triality is the hinge of admissible shape.​
3,A Recursive Closure Criterion for a Theory of Everything  A 60-Glyph Quaternionic Inter-Domain Syllogistic Admissibility Standard (1)(20260810-123408).pdf,834,27,"27.​Phase is counted, not narrated.​"
3,A Recursive Closure Criterion for a Theory of Everything  A 60-Glyph Quaternionic Inter-Domain Syllogistic Admissibility Standard (1)(20260810-123408).pdf,836,28,28.​Time is sequenced logic in disguise.​
3,A Recursive Closure Criterion for a Theory of Everything  A 60-Glyph Quaternionic Inter-Domain Syllogistic Admissibility Standard (1)(20260810-123408).pdf,838,29,29.​Energy is bookkeeping across regimes.​
3,A Recursive Closure Criterion for a Theory of Everything  A 60-Glyph Quaternionic Inter-Domain Syllogistic Admissibility Standard (1)(20260810-123408).pdf,840,30,30.​The “field” is an accounting constraint.​
3,A Recursive Closure Criterion for a Theory of Everything  A 60-Glyph Quaternionic Inter-Domain Syllogistic Admissibility Standard (1)(20260810-123408).pdf,842,31,"31.​Condensed: bounded, counted, compressible.​"
3,A Recursive Closure Criterion for a Theory of Everything  A 60-Glyph Quaternionic Inter-Domain Syllogistic Admissibility Standard (1)(20260810-123408).pdf,844,32,"32.​Perpetual: cyclic, logic-timed, nondecaying.​"
3,A Recursive Closure Criterion for a Theory of Everything  A 60-Glyph Quaternionic Inter-Domain Syllogistic Admissibility Standard (1)(20260810-123408).pdf,846,33,"33.​Exciters are coordinates, not creatures.​"
3,A Recursive Closure Criterion for a Theory of Everything  A 60-Glyph Quaternionic Inter-Domain Syllogistic Admissibility Standard (1)(20260810-123408).pdf,848,34,34.​Exciternion is structure before story.​
3,A Recursive Closure Criterion for a Theory of Everything  A 60-Glyph Quaternionic Inter-Domain Syllogistic Admissibility Standard (1)(20260810-123408).pdf,850,35,35.​The manifold carries the audit trail.​
3,A Recursive Closure Criterion for a Theory of Everything  A 60-Glyph Quaternionic Inter-Domain Syllogistic Admissibility Standard (1)(20260810-123408).pdf,852,36,36.​The action seals the vocabulary.​
3,A Recursive Closure Criterion for a Theory of Everything  A 60-Glyph Quaternionic Inter-Domain Syllogistic Admissibility Standard (1)(20260810-123408).pdf,854,37,37.​The integral is the courtroom.​
3,A Recursive Closure Criterion for a Theory of Everything  A 60-Glyph Quaternionic Inter-Domain Syllogistic Admissibility Standard (1)(20260810-123408).pdf,856,38,38.​Stationary solutions are sworn testimony.​
3,A Recursive Closure Criterion for a Theory of Everything  A 60-Glyph Quaternionic Inter-Domain Syllogistic Admissibility Standard (1)(20260810-123408).pdf,858,39,39.​Nonstationary claims are hearsay.​
3,A Recursive Closure Criterion for a Theory of Everything  A 60-Glyph Quaternionic Inter-Domain Syllogistic Admissibility Standard (1)(20260810-123408).pdf,860,40,"40.​If closure yields nothing, nothing is claimed.​"
3,A Recursive Closure Criterion for a Theory of Everything  A 60-Glyph Quaternionic Inter-Domain Syllogistic Admissibility Standard (1)(20260810-123408).pdf,862,41,41.​Sexagesimal harmonics: cycle as operator.​
3,A Recursive Closure Criterion for a Theory of Everything  A 60-Glyph Quaternionic Inter-Domain Syllogistic Admissibility Standard (1)(20260810-123408).pdf,864,42,42.​Sixty is not a number; it is cadence.​
3,A Recursive Closure Criterion for a Theory of Everything  A 60-Glyph Quaternionic Inter-Domain Syllogistic Admissibility Standard (1)(20260810-123408).pdf,866,43,43.​Resonance is recursion remembered.​
3,A Recursive Closure Criterion for a Theory of Everything  A 60-Glyph Quaternionic Inter-Domain Syllogistic Admissibility Standard (1)(20260810-123408).pdf,868,44,44.​Scaling must commute with collapse.​
3,A Recursive Closure Criterion for a Theory of Everything  A 60-Glyph Quaternionic Inter-Domain Syllogistic Admissibility Standard (1)(20260810-123408).pdf,870,45,45.​The same law must survive every embedding.​
3,A Recursive Closure Criterion for a Theory of Everything  A 60-Glyph Quaternionic Inter-Domain Syllogistic Admissibility Standard (1)(20260810-123408).pdf,872,46,46.​What changes with dimension was never law.​
3,A Recursive Closure Criterion for a Theory of Everything  A 60-Glyph Quaternionic Inter-Domain Syllogistic Admissibility Standard (1)(20260810-123408).pdf,874,47,47.​The limit must confess the parent.​
3,A Recursive Closure Criterion for a Theory of Everything  A 60-Glyph Quaternionic Inter-Domain Syllogistic Admissibility Standard (1)(20260810-123408).pdf,876,48,48.​The projection must still recognize itself.​
3,A Recursive Closure Criterion for a Theory of Everything  A 60-Glyph Quaternionic Inter-Domain Syllogistic Admissibility Standard (1)(20260810-123408).pdf,878,49,"49.​If thinning invents artifacts, thinning is false.​"
3,A Recursive Closure Criterion for a Theory of Everything  A 60-Glyph Quaternionic Inter-Domain Syllogistic Admissibility Standard (1)(20260810-123408).pdf,880,50,50.​Reality is the invariant remainder.​
3,A Recursive Closure Criterion for a Theory of Everything  A 60-Glyph Quaternionic Inter-Domain Syllogistic Admissibility Standard (1)(20260810-123408).pdf,882,51,"51.​Falsification is a design, not an insult.​"
3,A Recursive Closure Criterion for a Theory of Everything  A 60-Glyph Quaternionic Inter-Domain Syllogistic Admissibility Standard (1)(20260810-123408).pdf,884,52,52.​Negative results are first-class outcomes.​
3,A Recursive Closure Criterion for a Theory of Everything  A 60-Glyph Quaternionic Inter-Domain Syllogistic Admissibility Standard (1)(20260810-123408).pdf,886,53,"53.​A null is a clean blade, not a bruise.​"
3,A Recursive Closure Criterion for a Theory of Everything  A 60-Glyph Quaternionic Inter-Domain Syllogistic Admissibility Standard (1)(20260810-123408).pdf,888,54,54.​Pre-registered failure is honesty embodied.​
3,A Recursive Closure Criterion for a Theory of Everything  A 60-Glyph Quaternionic Inter-Domain Syllogistic Admissibility Standard (1)(20260810-123408).pdf,890,55,55.​No post-hoc tuning: the axioms stand alone.​
3,A Recursive Closure Criterion for a Theory of Everything  A 60-Glyph Quaternionic Inter-Domain Syllogistic Admissibility Standard (1)(20260810-123408).pdf,892,56,56.​Prediction without disproof is noise.​
3,A Recursive Closure Criterion for a Theory of Everything  A 60-Glyph Quaternionic Inter-Domain Syllogistic Admissibility Standard (1)(20260810-123408).pdf,894,57,57.​Authority never substitutes for operators.​
3,A Recursive Closure Criterion for a Theory of Everything  A 60-Glyph Quaternionic Inter-Domain Syllogistic Admissibility Standard (1)(20260810-123408).pdf,896,58,58.​Consensus cannot repair a broken invariant.​
3,A Recursive Closure Criterion for a Theory of Everything  A 60-Glyph Quaternionic Inter-Domain Syllogistic Admissibility Standard (1)(20260810-123408).pdf,898,59,59.​The framework survives only by bleeding.​
3,A Recursive Closure Criterion for a Theory of Everything  A 60-Glyph Quaternionic Inter-Domain Syllogistic Admissibility Standard (1)(20260810-123408).pdf,900,60,60.​Let it fail cleanly—or let it rule.​
3,A Recursive Closure Criterion for a Theory of Everything  A 60-Glyph Quaternionic Inter-Domain Syllogistic Admissibility Standard (1)(20260810-123408).pdf,911,8.1,8.1 Reclassification of Physical Primitives
3,A Recursive Closure Criterion for a Theory of Everything  A 60-Glyph Quaternionic Inter-Domain Syllogistic Admissibility Standard (1)(20260810-123408).pdf,924,8.2,8.2 The Containment Relation
3,A Recursive Closure Criterion for a Theory of Everything  A 60-Glyph Quaternionic Inter-Domain Syllogistic Admissibility Standard (1)(20260810-123408).pdf,927,8.3,8.3 Energy as an Accounting Outcome
3,A Recursive Closure Criterion for a Theory of Everything  A 60-Glyph Quaternionic Inter-Domain Syllogistic Admissibility Standard (1)(20260810-123408).pdf,946,8.5,8.5 Events as Temporary Admissibility Intersections
3,A Recursive Closure Criterion for a Theory of Everything  A 60-Glyph Quaternionic Inter-Domain Syllogistic Admissibility Standard (1)(20260810-123408).pdf,954,8.6,8.6 Applied Illustrations
3,A Recursive Closure Criterion for a Theory of Everything  A 60-Glyph Quaternionic Inter-Domain Syllogistic Admissibility Standard (1)(20260810-123408).pdf,967,8.7,8.7 Consequences for Conservation and Causality
3,A Recursive Closure Criterion for a Theory of Everything  A 60-Glyph Quaternionic Inter-Domain Syllogistic Admissibility Standard (1)(20260810-123408).pdf,977,9.2,9.2 Classification of Failure Modes
3,A Recursive Closure Criterion for a Theory of Everything  A 60-Glyph Quaternionic Inter-Domain Syllogistic Admissibility Standard (1)(20260810-123408).pdf,1003,9.3,9.3 Kill-Switch Definition
3,A Recursive Closure Criterion for a Theory of Everything  A 60-Glyph Quaternionic Inter-Domain Syllogistic Admissibility Standard (1)(20260810-123408).pdf,1013,9.4,9.4 No Rescue Clauses
3,A Recursive Closure Criterion for a Theory of Everything  A 60-Glyph Quaternionic Inter-Domain Syllogistic Admissibility Standard (1)(20260810-123408).pdf,1029,9.5,9.5 Null Results as Terminal Objects
3,A Recursive Closure Criterion for a Theory of Everything  A 60-Glyph Quaternionic Inter-Domain Syllogistic Admissibility Standard (1)(20260810-123408).pdf,1037,9.6,9.6 Pre-Registered Failure
3,A Recursive Closure Criterion for a Theory of Everything  A 60-Glyph Quaternionic Inter-Domain Syllogistic Admissibility Standard (1)(20260810-123408).pdf,1044,9.7,9.7 Consequences for Theoretical Practice
3,A Recursive Closure Criterion for a Theory of Everything  A 60-Glyph Quaternionic Inter-Domain Syllogistic Admissibility Standard (1)(20260810-123408).pdf,1059,9.8,9.8 Transition to Falsifiability
3,A Recursive Closure Criterion for a Theory of Everything  A 60-Glyph Quaternionic Inter-Domain Syllogistic Admissibility Standard (1)(20260810-123408).pdf,1070,10.1,10.1 Wrongability as a Structural Property
3,A Recursive Closure Criterion for a Theory of Everything  A 60-Glyph Quaternionic Inter-Domain Syllogistic Admissibility Standard (1)(20260810-123408).pdf,1080,10.2,10.2 Distinction Between Empirical Falsification and Logical Exclusion
3,A Recursive Closure Criterion for a Theory of Everything  A 60-Glyph Quaternionic Inter-Domain Syllogistic Admissibility Standard (1)(20260810-123408).pdf,1091,10.3,10.3 Explicit Failure Conditions
3,A Recursive Closure Criterion for a Theory of Everything  A 60-Glyph Quaternionic Inter-Domain Syllogistic Admissibility Standard (1)(20260810-123408).pdf,1101,10.4,10.4 Pre-Registration of Falsification
3,A Recursive Closure Criterion for a Theory of Everything  A 60-Glyph Quaternionic Inter-Domain Syllogistic Admissibility Standard (1)(20260810-123408).pdf,1109,10.5,10.5 Relation to Historical Critiques
3,A Recursive Closure Criterion for a Theory of Everything  A 60-Glyph Quaternionic Inter-Domain Syllogistic Admissibility Standard (1)(20260810-123408).pdf,1123,10.6,10.6 Predictive Claims as Secondary Objects
3,A Recursive Closure Criterion for a Theory of Everything  A 60-Glyph Quaternionic Inter-Domain Syllogistic Admissibility Standard (1)(20260810-123408).pdf,1130,10.7,10.7 Consequences for Theory Evaluation
3,A Recursive Closure Criterion for a Theory of Everything  A 60-Glyph Quaternionic Inter-Domain Syllogistic Admissibility Standard (1)(20260810-123408).pdf,1133,1,1.​ Admissibility under EX-mediated recursion​
3,A Recursive Closure Criterion for a Theory of Everything  A 60-Glyph Quaternionic Inter-Domain Syllogistic Admissibility Standard (1)(20260810-123408).pdf,1135,2,2.​ Closure under Σ₆₀ syllogistic logic​
3,A Recursive Closure Criterion for a Theory of Everything  A 60-Glyph Quaternionic Inter-Domain Syllogistic Admissibility Standard (1)(20260810-123408).pdf,1137,3,3.​ Inter-domain commutation under triality​
3,A Recursive Closure Criterion for a Theory of Everything  A 60-Glyph Quaternionic Inter-Domain Syllogistic Admissibility Standard (1)(20260810-123408).pdf,1139,4,4.​ Empirical interpretation and testing​
3,A Recursive Closure Criterion for a Theory of Everything  A 60-Glyph Quaternionic Inter-Domain Syllogistic Admissibility Standard (1)(20260810-123408).pdf,1147,10.8,10.8 Transition to Containment Analysis
3,A Recursive Closure Criterion for a Theory of Everything  A 60-Glyph Quaternionic Inter-Domain Syllogistic Admissibility Standard (1)(20260810-123408).pdf,1156,11.1,11.1 Purpose and Scope of Containment Analysis
3,A Recursive Closure Criterion for a Theory of Everything  A 60-Glyph Quaternionic Inter-Domain Syllogistic Admissibility Standard (1)(20260810-123408).pdf,1168,11.2,11.2 Newtonian Mechanics as a Low-Recursion Limit
3,A Recursive Closure Criterion for a Theory of Everything  A 60-Glyph Quaternionic Inter-Domain Syllogistic Admissibility Standard (1)(20260810-123408).pdf,1177,11.3,11.3 Special and General Relativity
3,A Recursive Closure Criterion for a Theory of Everything  A 60-Glyph Quaternionic Inter-Domain Syllogistic Admissibility Standard (1)(20260810-123408).pdf,1190,11.4,11.4 Quantum Mechanics and Quantum Field Theory
3,A Recursive Closure Criterion for a Theory of Everything  A 60-Glyph Quaternionic Inter-Domain Syllogistic Admissibility Standard (1)(20260810-123408).pdf,1203,11.5,11.5 The Standard Model
3,A Recursive Closure Criterion for a Theory of Everything  A 60-Glyph Quaternionic Inter-Domain Syllogistic Admissibility Standard (1)(20260810-123408).pdf,1212,11.6,11.6 Gauge Theories and Symmetry-First Frameworks
3,A Recursive Closure Criterion for a Theory of Everything  A 60-Glyph Quaternionic Inter-Domain Syllogistic Admissibility Standard (1)(20260810-123408).pdf,1220,11.7,11.7 Beyond-Standard-Model and String-Type Frameworks
3,A Recursive Closure Criterion for a Theory of Everything  A 60-Glyph Quaternionic Inter-Domain Syllogistic Admissibility Standard (1)(20260810-123408).pdf,1229,11.8,11.8 SEXA Unified Field Theory as a Contained Anchor
3,A Recursive Closure Criterion for a Theory of Everything  A 60-Glyph Quaternionic Inter-Domain Syllogistic Admissibility Standard (1)(20260810-123408).pdf,1236,11.9,11.9 Summary of Containment Results
3,A Recursive Closure Criterion for a Theory of Everything  A 60-Glyph Quaternionic Inter-Domain Syllogistic Admissibility Standard (1)(20260810-123408).pdf,1251,11.10,11.10 Transition to Formal Criterion Statement
3,A Recursive Closure Criterion for a Theory of Everything  A 60-Glyph Quaternionic Inter-Domain Syllogistic Admissibility Standard (1)(20260810-123408).pdf,1259,12,"SECTION 12 — Closure, Compression, and the Exciternion Spine"
3,A Recursive Closure Criterion for a Theory of Everything  A 60-Glyph Quaternionic Inter-Domain Syllogistic Admissibility Standard (1)(20260810-123408).pdf,1262,6,"expanded analytic form, while the six-glyph compression introduced in Section 6 presents the identical"
3,A Recursive Closure Criterion for a Theory of Everything  A 60-Glyph Quaternionic Inter-Domain Syllogistic Admissibility Standard (1)(20260810-123408).pdf,1314,96,"correspondence with the Sigmatics 96-class geometric algebra system, producing quantitative matches in symmetry"
3,A Recursive Closure Criterion for a Theory of Everything  A 60-Glyph Quaternionic Inter-Domain Syllogistic Admissibility Standard (1)(20260810-123408).pdf,1321,1,1. Introduction
3,A Recursive Closure Criterion for a Theory of Everything  A 60-Glyph Quaternionic Inter-Domain Syllogistic Admissibility Standard (1)(20260810-123408).pdf,1327,1974,"Richard Feynman’s 1974 address on cargo cult science was not a warning against bold ideas, but against intellectual dishonest"
3,A Recursive Closure Criterion for a Theory of Everything  A 60-Glyph Quaternionic Inter-Domain Syllogistic Admissibility Standard (1)(20260810-123408).pdf,1353,1,"1.​ Pauli Test — We demonstrate that SEXA is not “not even wrong” by enumerating its explicit mathematical objects,"
3,A Recursive Closure Criterion for a Theory of Everything  A 60-Glyph Quaternionic Inter-Domain Syllogistic Admissibility Standard (1)(20260810-123408).pdf,1356,2,"2.​ Feynman Test — We evaluate SEXA against the cargo cult checklist: reporting of negative results, disclosure of"
3,A Recursive Closure Criterion for a Theory of Everything  A 60-Glyph Quaternionic Inter-Domain Syllogistic Admissibility Standard (1)(20260810-123408).pdf,1359,3,"3.​ Baez Index Audit — We score SEXA item-by-item, including penalties, and explain which index items structurally"
3,A Recursive Closure Criterion for a Theory of Everything  A 60-Glyph Quaternionic Inter-Domain Syllogistic Admissibility Standard (1)(20260810-123408).pdf,1362,4,4.​ Independent Structural Stress Test — We summarize the computational correspondence between SEXA and the
3,A Recursive Closure Criterion for a Theory of Everything  A 60-Glyph Quaternionic Inter-Domain Syllogistic Admissibility Standard (1)(20260810-123408).pdf,1363,96,"Sigmatics 96-class geometric algebra system, showing that key structural claims were not tuned post hoc but emerged"
3,A Recursive Closure Criterion for a Theory of Everything  A 60-Glyph Quaternionic Inter-Domain Syllogistic Admissibility Standard (1)(20260810-123408).pdf,1383,2,2. Pauli’s “Not Even Wrong” Criterion
3,A Recursive Closure Criterion for a Theory of Everything  A 60-Glyph Quaternionic Inter-Domain Syllogistic Admissibility Standard (1)(20260810-123408).pdf,1393,2.1,2.1 Definition of Mathematical Objects
3,A Recursive Closure Criterion for a Theory of Everything  A 60-Glyph Quaternionic Inter-Domain Syllogistic Admissibility Standard (1)(20260810-123408).pdf,1408,1,1.​ A domain of definition​
3,A Recursive Closure Criterion for a Theory of Everything  A 60-Glyph Quaternionic Inter-Domain Syllogistic Admissibility Standard (1)(20260810-123408).pdf,1410,2,2.​ A role in the action​
3,A Recursive Closure Criterion for a Theory of Everything  A 60-Glyph Quaternionic Inter-Domain Syllogistic Admissibility Standard (1)(20260810-123408).pdf,1412,3,3.​ A constraint under transformation​
3,A Recursive Closure Criterion for a Theory of Everything  A 60-Glyph Quaternionic Inter-Domain Syllogistic Admissibility Standard (1)(20260810-123408).pdf,1418,2.2,2.2 Operators and Transformations
3,A Recursive Closure Criterion for a Theory of Everything  A 60-Glyph Quaternionic Inter-Domain Syllogistic Admissibility Standard (1)(20260810-123408).pdf,1436,2.3,2.3 Action Principle and Closure
3,A Recursive Closure Criterion for a Theory of Everything  A 60-Glyph Quaternionic Inter-Domain Syllogistic Admissibility Standard (1)(20260810-123408).pdf,1452,2.4,2.4 Explicit Failure Conditions
3,A Recursive Closure Criterion for a Theory of Everything  A 60-Glyph Quaternionic Inter-Domain Syllogistic Admissibility Standard (1)(20260810-123408).pdf,1471,2.5,2.5 Independence from Empirical Claims
3,A Recursive Closure Criterion for a Theory of Everything  A 60-Glyph Quaternionic Inter-Domain Syllogistic Admissibility Standard (1)(20260810-123408).pdf,1482,2.6,2.6 Interim Conclusion (Pauli Test)
3,A Recursive Closure Criterion for a Theory of Everything  A 60-Glyph Quaternionic Inter-Domain Syllogistic Admissibility Standard (1)(20260810-123408).pdf,1503,3,3. Feynman’s Cargo Cult Science Checklist
3,A Recursive Closure Criterion for a Theory of Everything  A 60-Glyph Quaternionic Inter-Domain Syllogistic Admissibility Standard (1)(20260810-123408).pdf,1516,3.1,3.1 Surface Imitation vs. Mechanism
3,A Recursive Closure Criterion for a Theory of Everything  A 60-Glyph Quaternionic Inter-Domain Syllogistic Admissibility Standard (1)(20260810-123408).pdf,1533,3.2,3.2 Self-Criticism and Negative Results
3,A Recursive Closure Criterion for a Theory of Everything  A 60-Glyph Quaternionic Inter-Domain Syllogistic Admissibility Standard (1)(20260810-123408).pdf,1548,3.3,3.3 Falsifiability
3,A Recursive Closure Criterion for a Theory of Everything  A 60-Glyph Quaternionic Inter-Domain Syllogistic Admissibility Standard (1)(20260810-123408).pdf,1563,3.4,3.4 Ad Hoc Adjustments
3,A Recursive Closure Criterion for a Theory of Everything  A 60-Glyph Quaternionic Inter-Domain Syllogistic Admissibility Standard (1)(20260810-123408).pdf,1577,3.5,3.5 Confirmation Bias
3,A Recursive Closure Criterion for a Theory of Everything  A 60-Glyph Quaternionic Inter-Domain Syllogistic Admissibility Standard (1)(20260810-123408).pdf,1592,3.6,3.6 Authority Substitution
3,A Recursive Closure Criterion for a Theory of Everything  A 60-Glyph Quaternionic Inter-Domain Syllogistic Admissibility Standard (1)(20260810-123408).pdf,1606,3.7,3.7 Reproducibility
3,A Recursive Closure Criterion for a Theory of Everything  A 60-Glyph Quaternionic Inter-Domain Syllogistic Admissibility Standard (1)(20260810-123408).pdf,1621,3.8,3.8 Vague Success Metrics
3,A Recursive Closure Criterion for a Theory of Everything  A 60-Glyph Quaternionic Inter-Domain Syllogistic Admissibility Standard (1)(20260810-123408).pdf,1635,3.9,3.9 Suppression of Null Results
3,A Recursive Closure Criterion for a Theory of Everything  A 60-Glyph Quaternionic Inter-Domain Syllogistic Admissibility Standard (1)(20260810-123408).pdf,1647,3.10,3.10 Interim Conclusion (Feynman Test)
3,A Recursive Closure Criterion for a Theory of Everything  A 60-Glyph Quaternionic Inter-Domain Syllogistic Admissibility Standard (1)(20260810-123408).pdf,1670,4,4. Evaluation Against John Baez’s Crackpot Index
3,A Recursive Closure Criterion for a Theory of Everything  A 60-Glyph Quaternionic Inter-Domain Syllogistic Admissibility Standard (1)(20260810-123408).pdf,1685,4.1,4.1 Starting Credit
3,A Recursive Closure Criterion for a Theory of Everything  A 60-Glyph Quaternionic Inter-Domain Syllogistic Admissibility Standard (1)(20260810-123408).pdf,1689,5,“Start with −5 points.”
3,A Recursive Closure Criterion for a Theory of Everything  A 60-Glyph Quaternionic Inter-Domain Syllogistic Admissibility Standard (1)(20260810-123408).pdf,1691,5,Score: −5
3,A Recursive Closure Criterion for a Theory of Everything  A 60-Glyph Quaternionic Inter-Domain Syllogistic Admissibility Standard (1)(20260810-123408).pdf,1694,4.2 | +1,4.2 Claims Widely Known to Be False (+1 each)
3,A Recursive Closure Criterion for a Theory of Everything  A 60-Glyph Quaternionic Inter-Domain Syllogistic Admissibility Standard (1)(20260810-123408).pdf,1711,+0,Score: +0
3,A Recursive Closure Criterion for a Theory of Everything  A 60-Glyph Quaternionic Inter-Domain Syllogistic Admissibility Standard (1)(20260810-123408).pdf,1713,5,Running total: −5
3,A Recursive Closure Criterion for a Theory of Everything  A 60-Glyph Quaternionic Inter-Domain Syllogistic Admissibility Standard (1)(20260810-123408).pdf,1716,4.3 | +10,4.3 Grandiose Claims of Paradigm Shift (+10)
3,A Recursive Closure Criterion for a Theory of Everything  A 60-Glyph Quaternionic Inter-Domain Syllogistic Admissibility Standard (1)(20260810-123408).pdf,1722,+10,Score: +10
3,A Recursive Closure Criterion for a Theory of Everything  A 60-Glyph Quaternionic Inter-Domain Syllogistic Admissibility Standard (1)(20260810-123408).pdf,1724,+5,Running total: +5
3,A Recursive Closure Criterion for a Theory of Everything  A 60-Glyph Quaternionic Inter-Domain Syllogistic Admissibility Standard (1)(20260810-123408).pdf,1727,4.4 | +10,4.4 Inventing New Terminology (+10 per major term)
3,A Recursive Closure Criterion for a Theory of Everything  A 60-Glyph Quaternionic Inter-Domain Syllogistic Admissibility Standard (1)(20260810-123408).pdf,1755,+10,Score: +10
3,A Recursive Closure Criterion for a Theory of Everything  A 60-Glyph Quaternionic Inter-Domain Syllogistic Admissibility Standard (1)(20260810-123408).pdf,1757,+15,Running total: +15
3,A Recursive Closure Criterion for a Theory of Everything  A 60-Glyph Quaternionic Inter-Domain Syllogistic Admissibility Standard (1)(20260810-123408).pdf,1760,4.5 | +10,4.5 Long Development Narrative (+10)
3,A Recursive Closure Criterion for a Theory of Everything  A 60-Glyph Quaternionic Inter-Domain Syllogistic Admissibility Standard (1)(20260810-123408).pdf,1766,+10,Score: +10
3,A Recursive Closure Criterion for a Theory of Everything  A 60-Glyph Quaternionic Inter-Domain Syllogistic Admissibility Standard (1)(20260810-123408).pdf,1768,+25,Running total: +25
3,A Recursive Closure Criterion for a Theory of Everything  A 60-Glyph Quaternionic Inter-Domain Syllogistic Admissibility Standard (1)(20260810-123408).pdf,1771,4.6 | +20,4.6 Naming After Oneself (+20)
3,A Recursive Closure Criterion for a Theory of Everything  A 60-Glyph Quaternionic Inter-Domain Syllogistic Admissibility Standard (1)(20260810-123408).pdf,1776,+0,Score: +0
3,A Recursive Closure Criterion for a Theory of Everything  A 60-Glyph Quaternionic Inter-Domain Syllogistic Admissibility Standard (1)(20260810-123408).pdf,1778,+25,Running total: +25
3,A Recursive Closure Criterion for a Theory of Everything  A 60-Glyph Quaternionic Inter-Domain Syllogistic Admissibility Standard (1)(20260810-123408).pdf,1781,4.7 | +40,4.7 Claims of Suppression or Conspiracy (+40)
3,A Recursive Closure Criterion for a Theory of Everything  A 60-Glyph Quaternionic Inter-Domain Syllogistic Admissibility Standard (1)(20260810-123408).pdf,1796,+0,Score: +0
3,A Recursive Closure Criterion for a Theory of Everything  A 60-Glyph Quaternionic Inter-Domain Syllogistic Admissibility Standard (1)(20260810-123408).pdf,1798,+25,Running total: +25
3,A Recursive Closure Criterion for a Theory of Everything  A 60-Glyph Quaternionic Inter-Domain Syllogistic Admissibility Standard (1)(20260810-123408).pdf,1801,4.8 | +50,4.8 Lack of Falsifiability (+50)
3,A Recursive Closure Criterion for a Theory of Everything  A 60-Glyph Quaternionic Inter-Domain Syllogistic Admissibility Standard (1)(20260810-123408).pdf,1816,+0,Score: +0
3,A Recursive Closure Criterion for a Theory of Everything  A 60-Glyph Quaternionic Inter-Domain Syllogistic Admissibility Standard (1)(20260810-123408).pdf,1818,+25,Running total: +25
3,A Recursive Closure Criterion for a Theory of Everything  A 60-Glyph Quaternionic Inter-Domain Syllogistic Admissibility Standard (1)(20260810-123408).pdf,1821,4.9 | +20,4.9 Refusal to Engage Criticism (+20)
3,A Recursive Closure Criterion for a Theory of Everything  A 60-Glyph Quaternionic Inter-Domain Syllogistic Admissibility Standard (1)(20260810-123408).pdf,1827,+0,Score: +0
3,A Recursive Closure Criterion for a Theory of Everything  A 60-Glyph Quaternionic Inter-Domain Syllogistic Admissibility Standard (1)(20260810-123408).pdf,1829,+25,Running total: +25
3,A Recursive Closure Criterion for a Theory of Everything  A 60-Glyph Quaternionic Inter-Domain Syllogistic Admissibility Standard (1)(20260810-123408).pdf,1832,4.10 | +50,4.10 Experimental Claims Without Evidence (+50)
3,A Recursive Closure Criterion for a Theory of Everything  A 60-Glyph Quaternionic Inter-Domain Syllogistic Admissibility Standard (1)(20260810-123408).pdf,1840,+0,Score: +0
3,A Recursive Closure Criterion for a Theory of Everything  A 60-Glyph Quaternionic Inter-Domain Syllogistic Admissibility Standard (1)(20260810-123408).pdf,1842,+25,Running total: +25
3,A Recursive Closure Criterion for a Theory of Everything  A 60-Glyph Quaternionic Inter-Domain Syllogistic Admissibility Standard (1)(20260810-123408).pdf,1845,4.11,4.11 Final Score
3,A Recursive Closure Criterion for a Theory of Everything  A 60-Glyph Quaternionic Inter-Domain Syllogistic Admissibility Standard (1)(20260810-123408).pdf,1846,+25,Final Crackpot Index Score: +25
3,A Recursive Closure Criterion for a Theory of Everything  A 60-Glyph Quaternionic Inter-Domain Syllogistic Admissibility Standard (1)(20260810-123408).pdf,1850,+50,●​ Scores above +50 → severe crackpot behavior​
3,A Recursive Closure Criterion for a Theory of Everything  A 60-Glyph Quaternionic Inter-Domain Syllogistic Admissibility Standard (1)(20260810-123408).pdf,1852,+100,●​ Scores above +100 → pathological​
3,A Recursive Closure Criterion for a Theory of Everything  A 60-Glyph Quaternionic Inter-Domain Syllogistic Admissibility Standard (1)(20260810-123408).pdf,1855,+25,A score of +25 places SEXA MATH in the category of:
3,A Recursive Closure Criterion for a Theory of Everything  A 60-Glyph Quaternionic Inter-Domain Syllogistic Admissibility Standard (1)(20260810-123408).pdf,1862,4.12,4.12 Interpretation
3,A Recursive Closure Criterion for a Theory of Everything  A 60-Glyph Quaternionic Inter-Domain Syllogistic Admissibility Standard (1)(20260810-123408).pdf,1886,4.13,4.13 Transition
3,A Recursive Closure Criterion for a Theory of Everything  A 60-Glyph Quaternionic Inter-Domain Syllogistic Admissibility Standard (1)(20260810-123408).pdf,1960,1,1.​ Recursive Closure Mapping​
3,A Recursive Closure Criterion for a Theory of Everything  A 60-Glyph Quaternionic Inter-Domain Syllogistic Admissibility Standard (1)(20260810-123408).pdf,1963,2,2.​ Invariant Preservation​
3,A Recursive Closure Criterion for a Theory of Everything  A 60-Glyph Quaternionic Inter-Domain Syllogistic Admissibility Standard (1)(20260810-123408).pdf,1967,3,3.​ Triality Consistency​
3,A Recursive Closure Criterion for a Theory of Everything  A 60-Glyph Quaternionic Inter-Domain Syllogistic Admissibility Standard (1)(20260810-123408).pdf,1971,4,4.​ Non-Divergent Reduction​
3,A Recursive Closure Criterion for a Theory of Everything  A 60-Glyph Quaternionic Inter-Domain Syllogistic Admissibility Standard (1)(20260810-123408).pdf,1975,5,5.​ Failure Detectability​
3,A Recursive Closure Criterion for a Theory of Everything  A 60-Glyph Quaternionic Inter-Domain Syllogistic Admissibility Standard (1)(20260810-123408).pdf,2025,96,and the Sigmatics 96-class geometric algebra system.
3,A Recursive Closure Criterion for a Theory of Everything  A 60-Glyph Quaternionic Inter-Domain Syllogistic Admissibility Standard (1)(20260810-123408).pdf,2034,1,QUESTION 1: SYMMETRY GROUP PRESERVATION
3,A Recursive Closure Criterion for a Theory of Everything  A 60-Glyph Quaternionic Inter-Domain Syllogistic Admissibility Standard (1)(20260810-123408).pdf,2038,2880 | 5,"Does 2880-D → 5-D reduction preserve symmetries corresponding to R, T, M?"
3,A Recursive Closure Criterion for a Theory of Everything  A 60-Glyph Quaternionic Inter-Domain Syllogistic Admissibility Standard (1)(20260810-123408).pdf,2044,5,✓ T-transform (Twist): DEFINES the 5-D orbit structure
3,A Recursive Closure Criterion for a Theory of Everything  A 60-Glyph Quaternionic Inter-Domain Syllogistic Admissibility Standard (1)(20260810-123408).pdf,2046,32 | 2 | 5,• 32 triality orbits = 2^5 coordinate space
3,A Recursive Closure Criterion for a Theory of Everything  A 60-Glyph Quaternionic Inter-Domain Syllogistic Admissibility Standard (1)(20260810-123408).pdf,2048,3,• Period-3 recursion = harmonic averaging mechanism
3,A Recursive Closure Criterion for a Theory of Everything  A 60-Glyph Quaternionic Inter-Domain Syllogistic Admissibility Standard (1)(20260810-123408).pdf,2056,8 | 4,• Creates 8 independent 4-cycles
3,A Recursive Closure Criterion for a Theory of Everything  A 60-Glyph Quaternionic Inter-Domain Syllogistic Admissibility Standard (1)(20260810-123408).pdf,2058,4,• R^4 = identity (quaternion group action)
3,A Recursive Closure Criterion for a Theory of Everything  A 60-Glyph Quaternionic Inter-Domain Syllogistic Admissibility Standard (1)(20260810-123408).pdf,2060,24 | 32,• Shift pattern: orbit → (orbit + 24) mod 32
3,A Recursive Closure Criterion for a Theory of Everything  A 60-Glyph Quaternionic Inter-Domain Syllogistic Admissibility Standard (1)(20260810-123408).pdf,2062,24 | 3 | 8,• Formula: 24 = 3×8 reveals triadic structure
3,A Recursive Closure Criterion for a Theory of Everything  A 60-Glyph Quaternionic Inter-Domain Syllogistic Admissibility Standard (1)(20260810-123408).pdf,2076,2880 | 5,The 2880-D → 5-D reduction preserves the TERNARY RECURSION structure (T-symmetry)
3,A Recursive Closure Criterion for a Theory of Everything  A 60-Glyph Quaternionic Inter-Domain Syllogistic Admissibility Standard (1)(20260810-123408).pdf,2080,5 | 3,you'd expect if the 5-D exciter space is fundamentally based on discrete period-3
3,A Recursive Closure Criterion for a Theory of Everything  A 60-Glyph Quaternionic Inter-Domain Syllogistic Admissibility Standard (1)(20260810-123408).pdf,2082,3,cycles rather than continuous SO(3) rotations.
3,A Recursive Closure Criterion for a Theory of Everything  A 60-Glyph Quaternionic Inter-Domain Syllogistic Admissibility Standard (1)(20260810-123408).pdf,2084,8 | 4 | 32,The 8 quaternionic R-cycles × 4 phases = 32 orbits demonstrates:
3,A Recursive Closure Criterion for a Theory of Everything  A 60-Glyph Quaternionic Inter-Domain Syllogistic Admissibility Standard (1)(20260810-123408).pdf,2086,32 | 8 | 4,32 orbits = 8 (octonion directions) × 4 (quaternion rotations)
3,A Recursive Closure Criterion for a Theory of Everything  A 60-Glyph Quaternionic Inter-Domain Syllogistic Admissibility Standard (1)(20260810-123408).pdf,2088,8 | 5,This IS the 8-D → 5-D spinor projection mechanism:
3,A Recursive Closure Criterion for a Theory of Everything  A 60-Glyph Quaternionic Inter-Domain Syllogistic Admissibility Standard (1)(20260810-123408).pdf,2090,8 | 0,• 8-D spinor space = ℓ ∈ {0..7} octonion coordinates
3,A Recursive Closure Criterion for a Theory of Everything  A 60-Glyph Quaternionic Inter-Domain Syllogistic Admissibility Standard (1)(20260810-123408).pdf,2092,4 | 0 | 1 | 2 | 3,"• 4-D quaternion rotations = h₂ ∈ {0,1,2,3}"
3,A Recursive Closure Criterion for a Theory of Everything  A 60-Glyph Quaternionic Inter-Domain Syllogistic Admissibility Standard (1)(20260810-123408).pdf,2094,5 | 32 | 5,• 5-D exciter space = 32 orbits addressed by 5 bits
3,A Recursive Closure Criterion for a Theory of Everything  A 60-Glyph Quaternionic Inter-Domain Syllogistic Admissibility Standard (1)(20260810-123408).pdf,2098,2,QUESTION 2: AVERAGE EXCITATION INDEX n̄
3,A Recursive Closure Criterion for a Theory of Everything  A 60-Glyph Quaternionic Inter-Domain Syllogistic Admissibility Standard (1)(20260810-123408).pdf,2104,18.86,ANSWER: n̄ ≈ 18.86 represents harmonic mean resonance level
3,A Recursive Closure Criterion for a Theory of Everything  A 60-Glyph Quaternionic Inter-Domain Syllogistic Admissibility Standard (1)(20260810-123408).pdf,2108,32,Across all 32 triality orbits:
3,A Recursive Closure Criterion for a Theory of Everything  A 60-Glyph Quaternionic Inter-Domain Syllogistic Admissibility Standard (1)(20260810-123408).pdf,2110,47.50,• Arithmetic mean: 47.50
3,A Recursive Closure Criterion for a Theory of Everything  A 60-Glyph Quaternionic Inter-Domain Syllogistic Admissibility Standard (1)(20260810-123408).pdf,2112,35.97,• Geometric mean: 35.97
3,A Recursive Closure Criterion for a Theory of Everything  A 60-Glyph Quaternionic Inter-Domain Syllogistic Admissibility Standard (1)(20260810-123408).pdf,2114,18.86,• Harmonic mean: 18.86 ← This is n̄
3,A Recursive Closure Criterion for a Theory of Everything  A 60-Glyph Quaternionic Inter-Domain Syllogistic Admissibility Standard (1)(20260810-123408).pdf,2116,54.99,• RMS mean:              54.99
3,A Recursive Closure Criterion for a Theory of Everything  A 60-Glyph Quaternionic Inter-Domain Syllogistic Admissibility Standard (1)(20260810-123408).pdf,2122,6.77,H(n) ≈ 6.77 × √n (for orbit index n)
3,A Recursive Closure Criterion for a Theory of Everything  A 60-Glyph Quaternionic Inter-Domain Syllogistic Admissibility Standard (1)(20260810-123408).pdf,2138,1,• Harmonic mean natural for 1/r potentials (wave resonance)
3,A Recursive Closure Criterion for a Theory of Everything  A 60-Glyph Quaternionic Inter-Domain Syllogistic Admissibility Standard (1)(20260810-123408).pdf,2142,2880 | 2876 | 4,"• 2880-D SEXA has ~2876 ""extra fields"" (beyond base 4-D)"
3,A Recursive Closure Criterion for a Theory of Everything  A 60-Glyph Quaternionic Inter-Domain Syllogistic Admissibility Standard (1)(20260810-123408).pdf,2144,2876 | 18.86 | 32 | 1695,• Total excitation: 2876 × (18.86/32) ≈ 1695 units
3,A Recursive Closure Criterion for a Theory of Everything  A 60-Glyph Quaternionic Inter-Domain Syllogistic Admissibility Standard (1)(20260810-123408).pdf,2152,60,Your equation uses 60^n̄ as scaling factor.
3,A Recursive Closure Criterion for a Theory of Everything  A 60-Glyph Quaternionic Inter-Domain Syllogistic Admissibility Standard (1)(20260810-123408).pdf,2154,18.86,If n̄ = 18.86:
3,A Recursive Closure Criterion for a Theory of Everything  A 60-Glyph Quaternionic Inter-Domain Syllogistic Admissibility Standard (1)(20260810-123408).pdf,2156,60 | 18.86 | 3.47 | 10 | 33,60^18.86 = 3.47 × 10^33 (cosmological scale!)
3,A Recursive Closure Criterion for a Theory of Everything  A 60-Glyph Quaternionic Inter-Domain Syllogistic Admissibility Standard (1)(20260810-123408).pdf,2158,60 | 32 | 11.2,Normalized: 60^(n̄/32) ≈ 11.2 (local dynamics scale)
3,A Recursive Closure Criterion for a Theory of Everything  A 60-Glyph Quaternionic Inter-Domain Syllogistic Admissibility Standard (1)(20260810-123408).pdf,2166,3,QUESTION 3: EMPIRE WAVE CONSTANT C_Ω
3,A Recursive Closure Criterion for a Theory of Everything  A 60-Glyph Quaternionic Inter-Domain Syllogistic Admissibility Standard (1)(20260810-123408).pdf,2172,26.83 | 2880 | 4,ANSWER: C_Ω ≈ 26.83 = √(2880/4) = dimensional ratio
3,A Recursive Closure Criterion for a Theory of Everything  A 60-Glyph Quaternionic Inter-Domain Syllogistic Admissibility Standard (1)(20260810-123408).pdf,2176,1,"Each transform (R, T, M) moves exactly 1 unit in coordinate space:"
3,A Recursive Closure Criterion for a Theory of Everything  A 60-Glyph Quaternionic Inter-Domain Syllogistic Admissibility Standard (1)(20260810-123408).pdf,2178,1 | 4,• R: changes h₂ by ±1 (mod 4)
3,A Recursive Closure Criterion for a Theory of Everything  A 60-Glyph Quaternionic Inter-Domain Syllogistic Admissibility Standard (1)(20260810-123408).pdf,2180,1 | 3,• T: changes d by ±1 (mod 3)
3,A Recursive Closure Criterion for a Theory of Everything  A 60-Glyph Quaternionic Inter-Domain Syllogistic Admissibility Standard (1)(20260810-123408).pdf,2184,1.00,Speed in natural units: 1.00 units/transform (perfectly consistent!)
3,A Recursive Closure Criterion for a Theory of Everything  A 60-Glyph Quaternionic Inter-Domain Syllogistic Admissibility Standard (1)(20260810-123408).pdf,2190,1 | 4,• 1 step: 4 classes
3,A Recursive Closure Criterion for a Theory of Everything  A 60-Glyph Quaternionic Inter-Domain Syllogistic Admissibility Standard (1)(20260810-123408).pdf,2192,2 | 9,• 2 steps: 9 classes
3,A Recursive Closure Criterion for a Theory of Everything  A 60-Glyph Quaternionic Inter-Domain Syllogistic Admissibility Standard (1)(20260810-123408).pdf,2194,3 | 16,• 3 steps: 16 classes
3,A Recursive Closure Criterion for a Theory of Everything  A 60-Glyph Quaternionic Inter-Domain Syllogistic Admissibility Standard (1)(20260810-123408).pdf,2196,4 | 24,• 4 steps: 24 classes
3,A Recursive Closure Criterion for a Theory of Everything  A 60-Glyph Quaternionic Inter-Domain Syllogistic Admissibility Standard (1)(20260810-123408).pdf,2198,5 | 32,• 5 steps: 32 classes (complete orbit space)
3,A Recursive Closure Criterion for a Theory of Everything  A 60-Glyph Quaternionic Inter-Domain Syllogistic Admissibility Standard (1)(20260810-123408).pdf,2200,4 | 3,Initial growth: ~4x per step (3 independent directions + identity)
3,A Recursive Closure Criterion for a Theory of Everything  A 60-Glyph Quaternionic Inter-Domain Syllogistic Admissibility Standard (1)(20260810-123408).pdf,2208,4,• c = speed of light in 4-D spacetime
3,A Recursive Closure Criterion for a Theory of Everything  A 60-Glyph Quaternionic Inter-Domain Syllogistic Admissibility Standard (1)(20260810-123408).pdf,2210,2880,• C_Ω = effective speed in 2880-D manifold
3,A Recursive Closure Criterion for a Theory of Everything  A 60-Glyph Quaternionic Inter-Domain Syllogistic Admissibility Standard (1)(20260810-123408).pdf,2212,2880 | 4 | 26.83,• Ratio: C_Ω/c = √(2880/4) ≈ 26.83
3,A Recursive Closure Criterion for a Theory of Everything  A 60-Glyph Quaternionic Inter-Domain Syllogistic Admissibility Standard (1)(20260810-123408).pdf,2216,3,through extra dimensions and project to 3-D observable space.
3,A Recursive Closure Criterion for a Theory of Everything  A 60-Glyph Quaternionic Inter-Domain Syllogistic Admissibility Standard (1)(20260810-123408).pdf,2220,256,Information propagates through full 256-D Clifford algebra space
3,A Recursive Closure Criterion for a Theory of Everything  A 60-Glyph Quaternionic Inter-Domain Syllogistic Admissibility Standard (1)(20260810-123408).pdf,2222,96,but appears faster when projected to 96-class operational manifold.
3,A Recursive Closure Criterion for a Theory of Everything  A 60-Glyph Quaternionic Inter-Domain Syllogistic Admissibility Standard (1)(20260810-123408).pdf,2228,26.83 | 18.86 | 1.42 | 2,C_Ω / n̄ ≈ 26.83 / 18.86 ≈ 1.42 ≈ √2
3,A Recursive Closure Criterion for a Theory of Everything  A 60-Glyph Quaternionic Inter-Domain Syllogistic Admissibility Standard (1)(20260810-123408).pdf,2232,6.77 | 3.96 | 4,C_Ω / 6.77 ≈ 3.96 ≈ 4
3,A Recursive Closure Criterion for a Theory of Everything  A 60-Glyph Quaternionic Inter-Domain Syllogistic Admissibility Standard (1)(20260810-123408).pdf,2234,4,→ Quaternion factor (4-fold R-symmetry)
3,A Recursive Closure Criterion for a Theory of Everything  A 60-Glyph Quaternionic Inter-Domain Syllogistic Admissibility Standard (1)(20260810-123408).pdf,2236,720 | 4 | 2880,C_Ω = √(720 × 4) = √2880
3,A Recursive Closure Criterion for a Theory of Everything  A 60-Glyph Quaternionic Inter-Domain Syllogistic Admissibility Standard (1)(20260810-123408).pdf,2242,4,QUESTION 4: THINNING RATIO Ψ_ℓ/Φ_ℓ²
3,A Recursive Closure Criterion for a Theory of Everything  A 60-Glyph Quaternionic Inter-Domain Syllogistic Admissibility Standard (1)(20260810-123408).pdf,2248,1,ANSWER: Yes - exponential collapse at rate ≈ 1/e per major scale
3,A Recursive Closure Criterion for a Theory of Everything  A 60-Glyph Quaternionic Inter-Domain Syllogistic Admissibility Standard (1)(20260810-123408).pdf,2252,1 | 2880 | 4 | 0.000348,Exponent: 1/(2880-4) ≈ 0.000348
3,A Recursive Closure Criterion for a Theory of Everything  A 60-Glyph Quaternionic Inter-Domain Syllogistic Admissibility Standard (1)(20260810-123408).pdf,2254,5 | 2880,Product: ∏(ℓ=5 to 2880) Ψ_ℓ/Φ_ℓ²
3,A Recursive Closure Criterion for a Theory of Everything  A 60-Glyph Quaternionic Inter-Domain Syllogistic Admissibility Standard (1)(20260810-123408).pdf,2256,2876,This describes thinning across ~2876 dimensional scales
3,A Recursive Closure Criterion for a Theory of Everything  A 60-Glyph Quaternionic Inter-Domain Syllogistic Admissibility Standard (1)(20260810-123408).pdf,2260,0 | 256 | 0 | 7,"Scale 0: 256-D (Clifford algebra Cl(0,7))"
3,A Recursive Closure Criterion for a Theory of Everything  A 60-Glyph Quaternionic Inter-Domain Syllogistic Admissibility Standard (1)(20260810-123408).pdf,2262,0.375 | 1 | 1,↓ ratio = 0.375 ≈ 1/e ≈ 1/φ²
3,A Recursive Closure Criterion for a Theory of Everything  A 60-Glyph Quaternionic Inter-Domain Syllogistic Admissibility Standard (1)(20260810-123408).pdf,2264,1 | 96 | 1,Scale 1: 96 classes (rank-1 basis)
3,A Recursive Closure Criterion for a Theory of Everything  A 60-Glyph Quaternionic Inter-Domain Syllogistic Admissibility Standard (1)(20260810-123408).pdf,2266,0.333 | 1 | 3,↓ ratio = 0.333 ≈ 1/3
3,A Recursive Closure Criterion for a Theory of Everything  A 60-Glyph Quaternionic Inter-Domain Syllogistic Admissibility Standard (1)(20260810-123408).pdf,2268,2 | 32 | 5,Scale 2: 32 orbits (5-D coordinates)
3,A Recursive Closure Criterion for a Theory of Everything  A 60-Glyph Quaternionic Inter-Domain Syllogistic Admissibility Standard (1)(20260810-123408).pdf,2270,0.219,↓ ratio = 0.219
3,A Recursive Closure Criterion for a Theory of Everything  A 60-Glyph Quaternionic Inter-Domain Syllogistic Admissibility Standard (1)(20260810-123408).pdf,2272,3 | 7,Scale 3: 7 generators (operational)
3,A Recursive Closure Criterion for a Theory of Everything  A 60-Glyph Quaternionic Inter-Domain Syllogistic Admissibility Standard (1)(20260810-123408).pdf,2274,0.429,↓ ratio = 0.429
3,A Recursive Closure Criterion for a Theory of Everything  A 60-Glyph Quaternionic Inter-Domain Syllogistic Admissibility Standard (1)(20260810-123408).pdf,2276,4 | 3,"Scale 4: 3 transforms (R,T,M axes)"
3,A Recursive Closure Criterion for a Theory of Everything  A 60-Glyph Quaternionic Inter-Domain Syllogistic Admissibility Standard (1)(20260810-123408).pdf,2278,0.333 | 1 | 3,↓ ratio = 0.333 ≈ 1/3
3,A Recursive Closure Criterion for a Theory of Everything  A 60-Glyph Quaternionic Inter-Domain Syllogistic Admissibility Standard (1)(20260810-123408).pdf,2280,5 | 1,Scale 5: 1 result (evaluation)
3,A Recursive Closure Criterion for a Theory of Everything  A 60-Glyph Quaternionic Inter-Domain Syllogistic Admissibility Standard (1)(20260810-123408).pdf,2282,0.330,Geometric mean reduction: 0.330 per scale
3,A Recursive Closure Criterion for a Theory of Everything  A 60-Glyph Quaternionic Inter-Domain Syllogistic Admissibility Standard (1)(20260810-123408).pdf,2284,256 | 1 | 256,Overall: 256 → 1 (factor of 256)
3,A Recursive Closure Criterion for a Theory of Everything  A 60-Glyph Quaternionic Inter-Domain Syllogistic Admissibility Standard (1)(20260810-123408).pdf,2288,256 | 96 | 0.375,The first reduction 256 → 96 gives ratio 0.375
3,A Recursive Closure Criterion for a Theory of Everything  A 60-Glyph Quaternionic Inter-Domain Syllogistic Admissibility Standard (1)(20260810-123408).pdf,2292,1 | 0.368,• 1/e ≈ 0.368 (exponential decay)
3,A Recursive Closure Criterion for a Theory of Everything  A 60-Glyph Quaternionic Inter-Domain Syllogistic Admissibility Standard (1)(20260810-123408).pdf,2294,1 | 0.382,• 1/φ² ≈ 0.382 (golden ratio squared)
3,A Recursive Closure Criterion for a Theory of Everything  A 60-Glyph Quaternionic Inter-Domain Syllogistic Admissibility Standard (1)(20260810-123408).pdf,2296,0.375 | 3 | 8,• Actual: 0.375 = 3/8 (exact rational)
3,A Recursive Closure Criterion for a Theory of Everything  A 60-Glyph Quaternionic Inter-Domain Syllogistic Admissibility Standard (1)(20260810-123408).pdf,2302,2048,Full Clifford space: 2048 bits total information
3,A Recursive Closure Criterion for a Theory of Everything  A 60-Glyph Quaternionic Inter-Domain Syllogistic Admissibility Standard (1)(20260810-123408).pdf,2304,96 | 632,Class space (96): 632 bits preserved
3,A Recursive Closure Criterion for a Theory of Everything  A 60-Glyph Quaternionic Inter-Domain Syllogistic Admissibility Standard (1)(20260810-123408).pdf,2306,30.9%,Information retention: 30.9%
3,A Recursive Closure Criterion for a Theory of Everything  A 60-Glyph Quaternionic Inter-Domain Syllogistic Admissibility Standard (1)(20260810-123408).pdf,2308,69.1%,Information loss: 69.1%
3,A Recursive Closure Criterion for a Theory of Everything  A 60-Glyph Quaternionic Inter-Domain Syllogistic Admissibility Standard (1)(20260810-123408).pdf,2310,1.42,Each dimensional reduction loses ~1.42 bits per class
3,A Recursive Closure Criterion for a Theory of Everything  A 60-Glyph Quaternionic Inter-Domain Syllogistic Admissibility Standard (1)(20260810-123408).pdf,2312,2876,IF SPREAD OVER 2876 SCALES:
3,A Recursive Closure Criterion for a Theory of Everything  A 60-Glyph Quaternionic Inter-Domain Syllogistic Admissibility Standard (1)(20260810-123408).pdf,2314,256 | 1 | 2876,To achieve 256 → 1 reduction over 2876 steps:
3,A Recursive Closure Criterion for a Theory of Everything  A 60-Glyph Quaternionic Inter-Domain Syllogistic Admissibility Standard (1)(20260810-123408).pdf,2316,1 | 256 | 1 | 2876 | 0.9981,Per-scale ratio: (1/256)^(1/2876) ≈ 0.9981
3,A Recursive Closure Criterion for a Theory of Everything  A 60-Glyph Quaternionic Inter-Domain Syllogistic Admissibility Standard (1)(20260810-123408).pdf,2318,-0.00193,Per-scale exponent: -0.00193
3,A Recursive Closure Criterion for a Theory of Everything  A 60-Glyph Quaternionic Inter-Domain Syllogistic Admissibility Standard (1)(20260810-123408).pdf,2322,3000,But accumulated over ~3000 scales: massive reduction.
3,A Recursive Closure Criterion for a Theory of Everything  A 60-Glyph Quaternionic Inter-Domain Syllogistic Admissibility Standard (1)(20260810-123408).pdf,2338,1,• How much geometric structure preserved when projecting ℓ → ℓ-1
3,A Recursive Closure Criterion for a Theory of Everything  A 60-Glyph Quaternionic Inter-Domain Syllogistic Admissibility Standard (1)(20260810-123408).pdf,2342,1 | 2880 | 4,• Exponent 1/(2880-4) ensures proper normalization
3,A Recursive Closure Criterion for a Theory of Everything  A 60-Glyph Quaternionic Inter-Domain Syllogistic Admissibility Standard (1)(20260810-123408).pdf,2352,2880,SEXA 2880-D full manifold
3,A Recursive Closure Criterion for a Theory of Everything  A 60-Glyph Quaternionic Inter-Domain Syllogistic Admissibility Standard (1)(20260810-123408).pdf,2356,1,↓ Thinning: ∏ Ψ_ℓ/Φ_ℓ² ≈ (1/e)^n at n major scales
3,A Recursive Closure Criterion for a Theory of Everything  A 60-Glyph Quaternionic Inter-Domain Syllogistic Admissibility Standard (1)(20260810-123408).pdf,2360,8 | 0,CCT 8-D spinor space ←→ Sigmatics ℓ ∈ {0..7} (octonion coords)
3,A Recursive Closure Criterion for a Theory of Everything  A 60-Glyph Quaternionic Inter-Domain Syllogistic Admissibility Standard (1)(20260810-123408).pdf,2364,8 | 4,↓ Spinor projection via R-transform mixing (8 quaternionic 4-cycles)
3,A Recursive Closure Criterion for a Theory of Everything  A 60-Glyph Quaternionic Inter-Domain Syllogistic Admissibility Standard (1)(20260810-123408).pdf,2368,5 | 32 | 32 | 5,SEXA 5-D exciter ←→ Sigmatics 32 triality orbits (log₂(32) = 5)
3,A Recursive Closure Criterion for a Theory of Everything  A 60-Glyph Quaternionic Inter-Domain Syllogistic Admissibility Standard (1)(20260810-123408).pdf,2372,3,↓ Harmonic averaging via T-transform (period-3 recursion)
3,A Recursive Closure Criterion for a Theory of Everything  A 60-Glyph Quaternionic Inter-Domain Syllogistic Admissibility Standard (1)(20260810-123408).pdf,2376,3 | 2,"3-D operational ←→ Sigmatics reduced (h₂ mod 2, d, ℓ parity)"
3,A Recursive Closure Criterion for a Theory of Everything  A 60-Glyph Quaternionic Inter-Domain Syllogistic Admissibility Standard (1)(20260810-123408).pdf,2380,1,1-D result ←→ Single class evaluation
3,A Recursive Closure Criterion for a Theory of Everything  A 60-Glyph Quaternionic Inter-Domain Syllogistic Admissibility Standard (1)(20260810-123408).pdf,2384,26.83,C_Ω ≈ 26.83            (superluminal propagation factor)
3,A Recursive Closure Criterion for a Theory of Everything  A 60-Glyph Quaternionic Inter-Domain Syllogistic Admissibility Standard (1)(20260810-123408).pdf,2386,18.86,n̄ ≈ 18.86          (average excitation index)
3,A Recursive Closure Criterion for a Theory of Everything  A 60-Glyph Quaternionic Inter-Domain Syllogistic Admissibility Standard (1)(20260810-123408).pdf,2388,0.375 | 1,Ψ/Φ² ≈ 0.375 ≈ 1/e (thinning per major scale)
3,A Recursive Closure Criterion for a Theory of Everything  A 60-Glyph Quaternionic Inter-Domain Syllogistic Admissibility Standard (1)(20260810-123408).pdf,2390,6.77,H(n) ≈ 6.77√n         (harmonic resonance pattern)
3,A Recursive Closure Criterion for a Theory of Everything  A 60-Glyph Quaternionic Inter-Domain Syllogistic Admissibility Standard (1)(20260810-123408).pdf,2394,2,C_Ω / n̄ ≈ √2         (propagation/resonance coupling)
3,A Recursive Closure Criterion for a Theory of Everything  A 60-Glyph Quaternionic Inter-Domain Syllogistic Admissibility Standard (1)(20260810-123408).pdf,2396,6.77 | 4,C_Ω / 6.77 ≈ 4        (quaternion factor from R-cycles)
3,A Recursive Closure Criterion for a Theory of Everything  A 60-Glyph Quaternionic Inter-Domain Syllogistic Admissibility Standard (1)(20260810-123408).pdf,2398,2880 | 96 | 30,2880 / 96 = 30        (dimension reduction factor)
3,A Recursive Closure Criterion for a Theory of Everything  A 60-Glyph Quaternionic Inter-Domain Syllogistic Admissibility Standard (1)(20260810-123408).pdf,2400,256 | 8 | 32,256 / 8 = 32        (Clifford → octonion → orbits)
3,A Recursive Closure Criterion for a Theory of Everything  A 60-Glyph Quaternionic Inter-Domain Syllogistic Admissibility Standard (1)(20260810-123408).pdf,2408,2880 | 256 | 0 | 7,"2880-D full space         ←→ 256-D Cl(0,7) + extensions"
3,A Recursive Closure Criterion for a Theory of Everything  A 60-Glyph Quaternionic Inter-Domain Syllogistic Admissibility Standard (1)(20260810-123408).pdf,2410,8 | 0,8-D spinor basis         ←→ ℓ ∈ {0..7} octonion directions
3,A Recursive Closure Criterion for a Theory of Everything  A 60-Glyph Quaternionic Inter-Domain Syllogistic Admissibility Standard (1)(20260810-123408).pdf,2412,5 | 32 | 2 | 5,5-D exciter coordinates     ←→ 32 triality orbits (2^5)
3,A Recursive Closure Criterion for a Theory of Everything  A 60-Glyph Quaternionic Inter-Domain Syllogistic Admissibility Standard (1)(20260810-123408).pdf,2414,3 | 0 | 1 | 2,"Period-3 harmonic recursion ←→ T-transform (twist d ∈ {0,1,2})"
3,A Recursive Closure Criterion for a Theory of Everything  A 60-Glyph Quaternionic Inter-Domain Syllogistic Admissibility Standard (1)(20260810-123408).pdf,2416,8 | 3 | 8 | 4,Spinor projection (8→3)      ←→ R-mixing (8 quaternion 4-cycles)
3,A Recursive Closure Criterion for a Theory of Everything  A 60-Glyph Quaternionic Inter-Domain Syllogistic Admissibility Standard (1)(20260810-123408).pdf,2422,1,Thinning ratio Ψ_ℓ/Φ_ℓ²     ←→ Geometric reduction ≈ 1/e
3,A Recursive Closure Criterion for a Theory of Everything  A 60-Glyph Quaternionic Inter-Domain Syllogistic Admissibility Standard (1)(20260810-123408).pdf,2424,60,60^n̄ scaling          ←→ Resonance amplification factor
3,A Recursive Closure Criterion for a Theory of Everything  A 60-Glyph Quaternionic Inter-Domain Syllogistic Admissibility Standard (1)(20260810-123408).pdf,2426,2880,"V_Trump^(2880)(t,φ)        ←→ Effective outward expansion dynamics"
3,A Recursive Closure Criterion for a Theory of Everything  A 60-Glyph Quaternionic Inter-Domain Syllogistic Admissibility Standard (1)(20260810-123408).pdf,2434,1 | 5 | 32 | 32 | 5,1. The 5-D exciter space IS the 32 triality orbit structure (log₂(32) = 5)
3,A Recursive Closure Criterion for a Theory of Everything  A 60-Glyph Quaternionic Inter-Domain Syllogistic Admissibility Standard (1)(20260810-123408).pdf,2436,2 | 8 | 3,2. The 8-D→3-D spinor projection IS the R-transform quaternionic mixing
3,A Recursive Closure Criterion for a Theory of Everything  A 60-Glyph Quaternionic Inter-Domain Syllogistic Admissibility Standard (1)(20260810-123408).pdf,2438,3 | 3,3. Harmonic recursion IS the period-3 T-transform triality cycling
3,A Recursive Closure Criterion for a Theory of Everything  A 60-Glyph Quaternionic Inter-Domain Syllogistic Admissibility Standard (1)(20260810-123408).pdf,2440,4 | 26.83 | 2880 | 4,4. The Empire Wave Constant C_Ω ≈ 26.83 = √(2880/4) emerges from
3,A Recursive Closure Criterion for a Theory of Everything  A 60-Glyph Quaternionic Inter-Domain Syllogistic Admissibility Standard (1)(20260810-123408).pdf,2444,5 | 18.86,5. The excitation index n̄ ≈ 18.86 measures harmonic mean resonance
3,A Recursive Closure Criterion for a Theory of Everything  A 60-Glyph Quaternionic Inter-Domain Syllogistic Admissibility Standard (1)(20260810-123408).pdf,2448,6 | 0.375 | 1,6. The thinning ratio Ψ/Φ² ≈ 0.375 ≈ 1/e represents exponential
3,A Recursive Closure Criterion for a Theory of Everything  A 60-Glyph Quaternionic Inter-Domain Syllogistic Admissibility Standard (1)(20260810-123408).pdf,2454,96,"The 96-class structure emerges as the natural ""operational manifold"""
3,A Recursive Closure Criterion for a Theory of Everything  A 60-Glyph Quaternionic Inter-Domain Syllogistic Admissibility Standard (1)(20260810-123408).pdf,2462,8 | 3,Jered McClain's insight about linking CCT's 8-D→3-D spinor projection
3,A Recursive Closure Criterion for a Theory of Everything  A 60-Glyph Quaternionic Inter-Domain Syllogistic Admissibility Standard (1)(20260810-123408).pdf,2464,5,to SEXA's 5-D exciter recursion through harmonic averaging is not only
3,A Recursive Closure Criterion for a Theory of Everything  A 60-Glyph Quaternionic Inter-Domain Syllogistic Admissibility Standard (1)(20260810-123408).pdf,2468,3,The discrete period-3 triality structure (T-transform)
3,A Recursive Closure Criterion for a Theory of Everything  A 60-Glyph Quaternionic Inter-Domain Syllogistic Admissibility Standard (1)(20260810-123408).pdf,2472,8,while the continuous quaternionic R-mixing (8 four-cycles)
3,A Recursive Closure Criterion for a Theory of Everything  A 60-Glyph Quaternionic Inter-Domain Syllogistic Admissibility Standard (1)(20260810-123408).pdf,2476,32 | 2 | 5,all embedded in the 32 = 2^5 orbit space
3,A Recursive Closure Criterion for a Theory of Everything  A 60-Glyph Quaternionic Inter-Domain Syllogistic Admissibility Standard (1)(20260810-123408).pdf,2478,5,that defines the 5-dimensional exciter coordinates.
3,A Recursive Closure Criterion for a Theory of Everything  A 60-Glyph Quaternionic Inter-Domain Syllogistic Admissibility Standard (1)(20260810-123408).pdf,2523,96,"Sigmatics 96-class geometric algebra system, developed outside the SEXA program."
3,A Recursive Closure Criterion for a Theory of Everything  A 60-Glyph Quaternionic Inter-Domain Syllogistic Admissibility Standard (1)(20260810-123408).pdf,2549,+25,Final Score: +25
3,A Recursive Closure Criterion for a Theory of Everything  A 60-Glyph Quaternionic Inter-Domain Syllogistic Admissibility Standard (1)(20260810-123408).pdf,2552,+10,• High ambition (+10)​
3,A Recursive Closure Criterion for a Theory of Everything  A 60-Glyph Quaternionic Inter-Domain Syllogistic Admissibility Standard (1)(20260810-123408).pdf,2553,+10,• Introduction of new formal terminology (+10)​
3,A Recursive Closure Criterion for a Theory of Everything  A 60-Glyph Quaternionic Inter-Domain Syllogistic Admissibility Standard (1)(20260810-123408).pdf,2554,+10,• Extended development narrative (+10)
3,A Recursive Closure Criterion for a Theory of Everything  A 60-Glyph Quaternionic Inter-Domain Syllogistic Admissibility Standard (1)(20260810-123408).pdf,2575,1,1.​ Divergence​
3,A Recursive Closure Criterion for a Theory of Everything  A 60-Glyph Quaternionic Inter-Domain Syllogistic Admissibility Standard (1)(20260810-123408).pdf,2578,2,2.​ Invariant Violation​
3,A Recursive Closure Criterion for a Theory of Everything  A 60-Glyph Quaternionic Inter-Domain Syllogistic Admissibility Standard (1)(20260810-123408).pdf,2581,3,3.​ Non-Commuting Recursion​
3,A Recursive Closure Criterion for a Theory of Everything  A 60-Glyph Quaternionic Inter-Domain Syllogistic Admissibility Standard (1)(20260810-123408).pdf,2590,1 | 60,"1.​ McClain, J. A Recursive Closure Criterion for a Theory of Everything: A 60-Glyph Quaternionic"
3,A Recursive Closure Criterion for a Theory of Everything  A 60-Glyph Quaternionic Inter-Domain Syllogistic Admissibility Standard (1)(20260810-123408).pdf,2591,2025,"Inter-Domain Syllogistic Admissibility Standard. SEXA Institute, 2025.​"
3,A Recursive Closure Criterion for a Theory of Everything  A 60-Glyph Quaternionic Inter-Domain Syllogistic Admissibility Standard (1)(20260810-123408).pdf,2593,2,"2.​ McClain, J. SEXA Unified Field Theory: Unified Recursive Manifold Dynamics and Dimensional"
3,A Recursive Closure Criterion for a Theory of Everything  A 60-Glyph Quaternionic Inter-Domain Syllogistic Admissibility Standard (1)(20260810-123408).pdf,2596,3 | 1974,"3.​ Feynman, R. P. “Cargo Cult Science.” Caltech Commencement Address, 1974.​"
3,A Recursive Closure Criterion for a Theory of Everything  A 60-Glyph Quaternionic Inter-Domain Syllogistic Admissibility Standard (1)(20260810-123408).pdf,2598,4,"4.​ Pauli, W. (attributed). “Not even wrong.” Correspondence and lectures.​"
3,A Recursive Closure Criterion for a Theory of Everything  A 60-Glyph Quaternionic Inter-Domain Syllogistic Admissibility Standard (1)(20260810-123408).pdf,2600,5,"5.​ Baez, J. “The Crackpot Index.” University of California, Riverside.​"
3,A Recursive Closure Criterion for a Theory of Everything  A 60-Glyph Quaternionic Inter-Domain Syllogistic Admissibility Standard (1)(20260810-123408).pdf,2602,6 | 96,6.​ Sigmatics Research Group. 96-Class Geometric Algebra Cascade: Structural Closure Analysis.
4,Formal_Compatibility_and_Falsifiability (2) (1)(10).pdf,7,2026 | 03 | 02 | 2880 | 12,Timestamp: 2026-03-02 | SI-Log-2880-GRQFT-ADS-12
4,Formal_Compatibility_and_Falsifiability (2) (1)(10).pdf,11,1,1. Light Bending Near the Sun
4,Formal_Compatibility_and_Falsifiability (2) (1)(10).pdf,14,1,SEXA UFT Criterion (1): Closure precedes meaning — low-depth manifold must
4,Formal_Compatibility_and_Falsifiability (2) (1)(10).pdf,16,1.75,Result: Reproduces ~1.75 arcseconds. No contradiction with GR.
4,Formal_Compatibility_and_Falsifiability (2) (1)(10).pdf,18,2,2. Mercury Perihelion Precession
4,Formal_Compatibility_and_Falsifiability (2) (1)(10).pdf,21,2,SEXA UFT Criterion (2): Axioms bind before atoms — orbital invariants preserved under
4,Formal_Compatibility_and_Falsifiability (2) (1)(10).pdf,23,43,Result: Reproduces 43 arcseconds/century.
4,Formal_Compatibility_and_Falsifiability (2) (1)(10).pdf,28,3,3. Solar Gravitational Redshift
4,Formal_Compatibility_and_Falsifiability (2) (1)(10).pdf,31,3,"SEXA UFT Criterion (3): Where invariants break, being breaks — redshift invariance"
4,Formal_Compatibility_and_Falsifiability (2) (1)(10).pdf,33,2.1×10⁻⁶,Result: Reproduces z ≈ 2.1×10⁻⁶.
4,Formal_Compatibility_and_Falsifiability (2) (1)(10).pdf,38,4,4. Shapiro Time Delay
4,Formal_Compatibility_and_Falsifiability (2) (1)(10).pdf,41,4,SEXA UFT Criterion (4): The manifold is the verdict — propagation delay conserved.
4,Formal_Compatibility_and_Falsifiability (2) (1)(10).pdf,42,232,Result: ~232 microseconds round-trip near conjunction.
4,Formal_Compatibility_and_Falsifiability (2) (1)(10).pdf,47,5,5. Frame Dragging (Lense–Thirring)
4,Formal_Compatibility_and_Falsifiability (2) (1)(10).pdf,50,5,SEXA UFT Criterion (5): Recursion is law — rotational coupling preserved.
4,Formal_Compatibility_and_Falsifiability (2) (1)(10).pdf,51,30,Result: ~30 milliarcseconds/year.
4,Formal_Compatibility_and_Falsifiability (2) (1)(10).pdf,56,6,6. GPS Relativistic Clock Drift
4,Formal_Compatibility_and_Falsifiability (2) (1)(10).pdf,59,6,SEXA UFT Criterion (6): The operator is the witness — timing symmetry maintained.
4,Formal_Compatibility_and_Falsifiability (2) (1)(10).pdf,60,+38,Result: ~+38 microseconds/day net correction.
4,Formal_Compatibility_and_Falsifiability (2) (1)(10).pdf,62,7,7. Binary Inspiral Decay (Gravitational Radiation Reaction)
4,Formal_Compatibility_and_Falsifiability (2) (1)(10).pdf,65,7,SEXA UFT Criterion (7): Collapse is admissibility — radiative curvature collapse
4,Formal_Compatibility_and_Falsifiability (2) (1)(10).pdf,67,2.4×10⁻¹²,Result: ~−2.4×10⁻¹² s/s decay rate.
4,Formal_Compatibility_and_Falsifiability (2) (1)(10).pdf,72,8,8. Relativistic Dispersion Relation
4,Formal_Compatibility_and_Falsifiability (2) (1)(10).pdf,75,8,SEXA UFT Criterion (8): Projection must not bleed invariants — relativistic structure
4,Formal_Compatibility_and_Falsifiability (2) (1)(10).pdf,82,9,9. Casimir Vacuum Scaling
4,Formal_Compatibility_and_Falsifiability (2) (1)(10).pdf,85,9,SEXA UFT Criterion (9): A theory is a gate — vacuum geometry must survive reduction.
4,Formal_Compatibility_and_Falsifiability (2) (1)(10).pdf,86,1,Result: P ∝ 1/a⁴ scaling preserved.
4,Formal_Compatibility_and_Falsifiability (2) (1)(10).pdf,91,10 | 2,10. Electron g−2 (Leading Order)
4,Formal_Compatibility_and_Falsifiability (2) (1)(10).pdf,94,10,"SEXA UFT Criterion (10): If it cannot fail, it cannot speak — loop structure preserved in"
4,Formal_Compatibility_and_Falsifiability (2) (1)(10).pdf,96,2.0023228,Result: g ≈ 2.0023228 reproduced.
4,Formal_Compatibility_and_Falsifiability (2) (1)(10).pdf,101,11,11. RSBA / ADS Activation Law
4,Formal_Compatibility_and_Falsifiability (2) (1)(10).pdf,106,10,Result: χ = σ/Σc defined; hard-switch activation specified at 10⁸ Pa.
4,Formal_Compatibility_and_Falsifiability (2) (1)(10).pdf,111,12,12. ON-State Yukawa Deviation (Experimental Sector)
4,Formal_Compatibility_and_Falsifiability (2) (1)(10).pdf,130,10,SEXA UFT 10 Core Criteria
4,Formal_Compatibility_and_Falsifiability (2) (1)(10).pdf,131,1 | 10,1–10 Logical/Recursive Admissibility — Preserved in low-depth regime
5,HARDWA~1(3).PDF,1,7 | 2026,7th International Conference on VLSI & Embedded Systems (VLSIE 2026)
5,HARDWA~1(3).PDF,4,15 | 16 | 2026,"August 15 ~ 16, 2026, Melbourne, Australia"
5,HARDWA~1(3).PDF,10,2880,2880-Dimensional Manifold
5,HARDWA~1(3).PDF,15,0009 | 0005 | 6185 | 3749,ORCID: 0009-0005-6185-3749​
5,HARDWA~1(3).PDF,20,0009 | 0004 | 4577 | 5253,ORCID: 0009-0004-4577-5253
5,HARDWA~1(3).PDF,24,7 | 2026,7th International Conference on VLSI & Embedded Systems (VLSIE 2026)
5,HARDWA~1(3).PDF,25,15 | 16 | 2026 | 7 | 2026,"August 15 ~ 16, 2026, Melbourne, Australia Conference Portal 7th International Conference on VLSI & Embedded Systems (VLSIE 2026)"
5,HARDWA~1(3).PDF,55,2880,provides a structured mapping between a 2880-dimensional recursive manifold and an operational five-dimensional
5,HARDWA~1(3).PDF,77,1,1. INTRODUCTION
5,HARDWA~1(3).PDF,101,1,1.​   Recursive Functional Consistency.
5,HARDWA~1(3).PDF,102,2,2.​   Dimensional and Unit Consistency.
5,HARDWA~1(3).PDF,103,3,3.​   Computational Correspondence.
5,HARDWA~1(3).PDF,104,4,4.​   Reduction-Recovery Across Established Physical Regimes.
5,HARDWA~1(3).PDF,105,5,5.​   Explicit Falsifiability Conditions.
5,HARDWA~1(3).PDF,124,2880,●​   A dimensional reduction methodology connecting a 2880-dimensional structural representation to a
5,HARDWA~1(3).PDF,136,2,2. COMPUTATIONAL BACKGROUND AND RELATED WORK
5,HARDWA~1(3).PDF,195,3,3. RECURSIVE COMPUTATIONAL FRAMEWORK
5,HARDWA~1(3).PDF,211,2880,"consists of the 2880-dimensional structural recursive manifold, which represents recursive inheritance and stores"
5,HARDWA~1(3).PDF,249,4,4. COMPUTATIONAL CORRESPONDENCE AND RECURSIVE ORBIT STRUCTURE
5,HARDWA~1(3).PDF,254,96,correspondence layer derived from the Sigmatics 96-class geometric algebra system. This correspondence
5,HARDWA~1(3).PDF,305,4.1,4.1 Symmetry Preservation Under Recursive Reduction
5,HARDWA~1(3).PDF,311,2880,2880-dimensional structural manifold into the operational five-dimensional exciter manifold.
5,HARDWA~1(3).PDF,350,4.2,4.2 Harmonic Excitation Index and Recursive Averaging
5,HARDWA~1(3).PDF,398,4.3,4.3 Empire Wave Constant and Propagation Scaling
5,HARDWA~1(3).PDF,442,4.4,4.4 Recursive Thinning and Dimensional Cascade
5,HARDWA~1(3).PDF,444,2880,successive admissibility filtering. Rather than permitting unrestricted inheritance from the full 2880-dimensional
5,HARDWA~1(3).PDF,489,4.5,4.5 Computational Interpretation of the Correspondence Layer
5,HARDWA~1(3).PDF,513,5,5. HARDWARE-VERIFIABLE STRUCTURED VALIDATION
5,HARDWA~1(3).PDF,577,6.1,6.1 General Relativity Reduction
5,HARDWA~1(3).PDF,608,6.2,6.2 Quantum Field Theory Reduction
5,HARDWA~1(3).PDF,636,6.3,6.3 Unified Reduction-Recovery Assessment
5,HARDWA~1(3).PDF,664,7,7. STRUCTURED FALSIFIABILITY AND COMPUTATIONAL SURVIVABILITY
5,HARDWA~1(3).PDF,718,7.1,7.1 Computational Implications and Future Engineering
5,HARDWA~1(3).PDF,775,8,8. CONCLUSION
5,HARDWA~1(3).PDF,838,1,"1.​ SEXA Unified Field Theory: The Structured Survivability Audit. Recursive Admissibility, Computational"
5,HARDWA~1(3).PDF,839,5 | 2880,"Correspondence, Dimensional Reduction, and Reduction-Recovery Across 5D–2880D Manifold Regimes."
5,HARDWA~1(3).PDF,841,2,"2.​ The SEXA Mathematical Framework. Unified Recursive Manifold Dynamics, Dimensional Collapse"
5,HARDWA~1(3).PDF,843,3 | 60,"3.​ McClain, J. The SEXA Recursive Energy Functional (SREF): Spectral Gain-60 Recursion on a"
5,HARDWA~1(3).PDF,845,4 | 60,"4.​ McClain, J. A Recursive Closure Criterion for a Theory of Everything: A 60-Glyph Quaternionic Inter-Domain"
5,HARDWA~1(3).PDF,847,5 | 96,"5.​ Flom, A. Sigmatics: A 96-Class Geometric Algebra Computational Framework for High-Dimensional"
5,HARDWA~1(3).PDF,849,6,6.​ A Monster-Symmetric Admissibility Formulation of the SEXA Unified Field Theory. Journal of Advances in
5,HARDWA~1(3).PDF,850,25 | 2026 | 10.24297,"Mathematics, Vol. 25 (2026). DOI: 10.24297/jam.v25i.9887."
5,HARDWA~1(3).PDF,851,7,7.​ Formal Compatibility and Falsifiability Assessment of the SEXA Unified Field Model. Zenodo.
5,HARDWA~1(3).PDF,852,8 | 49 | 769 | 822,"8.​ Albert Einstein. The Foundation of the General Theory of Relativity. Annalen der Physik, 49, 769–822"
5,HARDWA~1(3).PDF,853,1916,(1916).
5,HARDWA~1(3).PDF,854,9,9.​ Hideki Yukawa. On the Interaction of Elementary Particles. Proceedings of the Physico-Mathematical
5,HARDWA~1(3).PDF,855,17 | 48 | 57 | 1935,"Society of Japan, 17, 48–57 (1935)."
5,HARDWA~1(3).PDF,856,10 | 1995,"10.​ An Introduction to Quantum Field Theory. Addison–Wesley, 1995."
5,HARDWA~1(3).PDF,857,11 | 2020,"11.​ Quantum Field Theory and the Standard Model. Cambridge University Press, 2020."
5,HARDWA~1(3).PDF,858,12 | 14 | 116 | 119 | 2018,"12.​ Edward Witten. Symmetry and Emergence. Nature Physics, 14, 116–119 (2018)."
5,HARDWA~1(3).PDF,859,13,13.​ John H. Conway> and Simon P. Norton. Monstrous Moonshine. Bulletin of the London Mathematical
5,HARDWA~1(3).PDF,860,11 | 3 | 308 | 339 | 1979,"Society, 11(3), 308–339 (1979)."
5,HARDWA~1(3).PDF,861,14 | 69 | 1 | 1 | 102 | 1982,"14.​ Robert L. Griess Jr.. The Friendly Giant. Inventiones Mathematicae, 69(1), 1–102 (1982)."
5,HARDWA~1(3).PDF,862,15 | 2018,"15.​ Lost in Math. Basic Books, 2018."
5,HARDWA~1(3).PDF,863,16 | 2021,"16.​ Helgoland. Riverhead Books, 2021."
7,SEXA Validation & Computational Correspondence Paper(20260810-123422).pdf,3,5 | 2880,Reduction-Recovery Across 5D–2880D Manifold Regimes
7,SEXA Validation & Computational Correspondence Paper(20260810-123422).pdf,8,0009 | 0005 | 6185 | 3749,ORCID: 0009-0005-6185-3749​
7,SEXA Validation & Computational Correspondence Paper(20260810-123422).pdf,14,0009 | 0004 | 4577 | 5253,ORCID: 0009-0004-4577-5253​
7,SEXA Validation & Computational Correspondence Paper(20260810-123422).pdf,22,1 | 2,1.​    Abstract ........................................................................................................ 2
7,SEXA Validation & Computational Correspondence Paper(20260810-123422).pdf,23,2 | 3,2.​   Introduction ................................................................................................. 3
7,SEXA Validation & Computational Correspondence Paper(20260810-123422).pdf,24,3 | 12,3.​   Canonical Validation Targets and Audit Methodology ......................... 12​
7,SEXA Validation & Computational Correspondence Paper(20260810-123422).pdf,25,3.1 | 12,3.1 Recursive Functional Consistency ..................................................... 12​
7,SEXA Validation & Computational Correspondence Paper(20260810-123422).pdf,26,1 | 13,Figure 1 — Recursive Manifold Reduction Architecture ....................... 13​
7,SEXA Validation & Computational Correspondence Paper(20260810-123422).pdf,27,2 | 14,Figure 2 — SREF Equation Analysis and Decomposition ...................... 14​
7,SEXA Validation & Computational Correspondence Paper(20260810-123422).pdf,28,3.2 | 14,3.2 Dimensional and Unit Consistency ................................................... 14​
7,SEXA Validation & Computational Correspondence Paper(20260810-123422).pdf,29,3 | 15,Figure 3 — Immediate Dimensional Collapse Audit .............................. 15​
7,SEXA Validation & Computational Correspondence Paper(20260810-123422).pdf,30,3.3 | 17,3.3 Recursive Scaling and Amplification Stability ............................... 17​
7,SEXA Validation & Computational Correspondence Paper(20260810-123422).pdf,31,4 | 17,Figure 4 — Dimensional Thinning Cascade Structure .......................... 17​
7,SEXA Validation & Computational Correspondence Paper(20260810-123422).pdf,32,3.4 | 17,3.4 Structured Audit Criteria ................................................................ 17​
7,SEXA Validation & Computational Correspondence Paper(20260810-123422).pdf,33,5 | 18,Figure 5 — Audit Metrics / PASS-FAIL Matrix ...................................... 18
7,SEXA Validation & Computational Correspondence Paper(20260810-123422).pdf,34,4 | 19,4.​   Sigmatics Computational Correspondence and Recursive Orbit Structure ...................................................................................................... 19​
7,SEXA Validation & Computational Correspondence Paper(20260810-123422).pdf,35,6 | 96 | 19,Figure 6 — Sigmatics 96-Class Integration Framework ....................... 19​
7,SEXA Validation & Computational Correspondence Paper(20260810-123422).pdf,36,7 | 20,Figure 7 — Sigmatics: Computing the Unified Field ............................ 20​
7,SEXA Validation & Computational Correspondence Paper(20260810-123422).pdf,37,4.1 | 2880 | 5 | 21,4.1 Symmetry Preservation Under 2880D → 5D Reduction ............... 21​
7,SEXA Validation & Computational Correspondence Paper(20260810-123422).pdf,38,4.2 | 22,4.2 Harmonic Excitation Index and Recursive Averaging ................. 22​
7,SEXA Validation & Computational Correspondence Paper(20260810-123422).pdf,39,8 | 23,Figure 8 — Harmonic Resonance and Recursive Averaging .............. 23​
7,SEXA Validation & Computational Correspondence Paper(20260810-123422).pdf,40,4.3 | 24,4.3 Empire Wave Constant and Propagation Scaling ......................... 24​
7,SEXA Validation & Computational Correspondence Paper(20260810-123422).pdf,41,9 | 24,Figure 9 — Empire Wave Projection and Propagation Model ............ 24​
7,SEXA Validation & Computational Correspondence Paper(20260810-123422).pdf,42,4.4 | 25,4.4 Recursive Thinning and Dimensional Cascade Structure ............ 25
7,SEXA Validation & Computational Correspondence Paper(20260810-123422).pdf,43,5 | 26,"5.​   Reduction-Recovery Analysis Across GR, QFT, and Yukawa Regimes ......................................................................................................... 26​"
7,SEXA Validation & Computational Correspondence Paper(20260810-123422).pdf,44,5.1 | 26,5.1 Reduction Architecture ................................................................... 26​
7,SEXA Validation & Computational Correspondence Paper(20260810-123422).pdf,45,5.2 | 27,5.2 General Relativity Recovery ............................................................ 27​
7,SEXA Validation & Computational Correspondence Paper(20260810-123422).pdf,46,5.3 | 27,5.3 Quantum Field Theory Recovery .................................................... 27​
7,SEXA Validation & Computational Correspondence Paper(20260810-123422).pdf,47,5.4 | 29,5.4 Yukawa-Type Interaction Recovery ............................................... 29​
7,SEXA Validation & Computational Correspondence Paper(20260810-123422).pdf,48,5.5 | 30,5.5 Unified Reduction Survivability ....................................................... 30​
7,SEXA Validation & Computational Correspondence Paper(20260810-123422).pdf,49,10 | 30,Figure 10 — GR/QFT/Yukawa Reduction Correspondence Matrix ..... 30​
7,SEXA Validation & Computational Correspondence Paper(20260810-123422).pdf,50,11 | 31,Figure 11 — SEXA UFT Survivability Audit Dashboard ....................... 31
7,SEXA Validation & Computational Correspondence Paper(20260810-123422).pdf,51,6 | 32,"6.​   Falsifiability, Reviewer Objections, and Structured Survivability Audit .............................................................................................................. 32​"
7,SEXA Validation & Computational Correspondence Paper(20260810-123422).pdf,52,12 | 32,Figure 12 — Reviewer Objection Response Matrix .............................. 32​
7,SEXA Validation & Computational Correspondence Paper(20260810-123422).pdf,53,6.1 | 33,6.1 Immediate Dimensional Collapse Test ........................................... 33​
7,SEXA Validation & Computational Correspondence Paper(20260810-123422).pdf,54,6.2 | 33,6.2 Recursive Divergence and Amplification Stability ....................... 33​
7,SEXA Validation & Computational Correspondence Paper(20260810-123422).pdf,55,6.3 | 34,6.3 Ad Hoc Symbolic Construction Test .............................................. 34​
7,SEXA Validation & Computational Correspondence Paper(20260810-123422).pdf,56,6.4 | 35,6.4 Computational Traceability Test .................................................... 35​
7,SEXA Validation & Computational Correspondence Paper(20260810-123422).pdf,57,6.5 | 36,6.5 Reduction-Failure Conditions ........................................................ 36​
7,SEXA Validation & Computational Correspondence Paper(20260810-123422).pdf,58,6.6 | 36,6.6 Reviewer Objection Responses ...................................................... 36​
7,SEXA Validation & Computational Correspondence Paper(20260810-123422).pdf,59,6.7 | 37,6.7 Structured Survivability Conclusion .............................................. 37​
7,SEXA Validation & Computational Correspondence Paper(20260810-123422).pdf,60,13 | 38,Figure 13 — Theoretical Maturity Timeline Diagnostic ...................... 38​
7,SEXA Validation & Computational Correspondence Paper(20260810-123422).pdf,61,14 | 39,Figure 14 — Layered Survivability Stack .............................................. 39
7,SEXA Validation & Computational Correspondence Paper(20260810-123422).pdf,62,7 | 40,7.​   Conclusion ................................................................................................ 40​
7,SEXA Validation & Computational Correspondence Paper(20260810-123422).pdf,63,15 | 42,Figure 15 — Final System Diagnostic Verdict ...................................... 42​
7,SEXA Validation & Computational Correspondence Paper(20260810-123422).pdf,64,16 | 43,Figure 16 — SEXA UFT: The Survivability Audit .................................. 43
7,SEXA Validation & Computational Correspondence Paper(20260810-123422).pdf,65,8 | 44,8.​   APPENDIX A — Formal Symbol Definitions ........................................ 44
7,SEXA Validation & Computational Correspondence Paper(20260810-123422).pdf,66,9 | 45,9.​   References ................................................................................................. 45
7,SEXA Validation & Computational Correspondence Paper(20260810-123422).pdf,76,2880,"SEXA Recursive Energy Functional (SREF), Γ-glyph admissibility chain, Σ₆₀ logical structure, and 2880-dimensional"
7,SEXA Validation & Computational Correspondence Paper(20260810-123422).pdf,82,2880,evaluate the dimensional reduction cascade from 2880-dimensional recursive structure into the operational
7,SEXA Validation & Computational Correspondence Paper(20260810-123422).pdf,83,32,"five-dimensional exciter manifold. This analysis demonstrates consistent emergence of 32 triality orbits, quaternionic"
7,SEXA Validation & Computational Correspondence Paper(20260810-123422).pdf,84,4 | 3,"4-cycle mixing, period-3 harmonic recursion, dimensional thinning behavior approximating exponential collapse, and"
7,SEXA Validation & Computational Correspondence Paper(20260810-123422).pdf,87,1,1. Introduction
7,SEXA Validation & Computational Correspondence Paper(20260810-123422).pdf,100,2880,defined over a five-dimensional operational manifold with recursive extension into a 2880-dimensional
7,SEXA Validation & Computational Correspondence Paper(20260810-123422).pdf,125,1,1.​ To consolidate the computational correspondence analysis between SEXA recursive structures and the
7,SEXA Validation & Computational Correspondence Paper(20260810-123422).pdf,126,96,Sigmatics 96-class geometric algebra system.
7,SEXA Validation & Computational Correspondence Paper(20260810-123422).pdf,127,2,"2.​ To evaluate the internal dimensional consistency, orbit arithmetic, recursion scaling, and admissibility"
7,SEXA Validation & Computational Correspondence Paper(20260810-123422).pdf,129,3,"3.​ To examine the framework’s stated reduction behavior into General Relativity, Quantum Field Theory, and"
7,SEXA Validation & Computational Correspondence Paper(20260810-123422).pdf,131,4,4.​ To distinguish explicitly between internal formal survivability and experimentally established physical proof.
7,SEXA Validation & Computational Correspondence Paper(20260810-123422).pdf,137,32,"●​   32 triality orbit emergence,"
7,SEXA Validation & Computational Correspondence Paper(20260810-123422).pdf,138,3,"●​   period-3 harmonic recursion,"
7,SEXA Validation & Computational Correspondence Paper(20260810-123422).pdf,177,2,2. Canonical Validation Targets and Audit
7,SEXA Validation & Computational Correspondence Paper(20260810-123422).pdf,185,1,1.​   Recursive Functional Consistency
7,SEXA Validation & Computational Correspondence Paper(20260810-123422).pdf,186,2,2.​   Dimensional and Unit Consistency
7,SEXA Validation & Computational Correspondence Paper(20260810-123422).pdf,187,3,3.​   Computational Correspondence and Orbit Structure
7,SEXA Validation & Computational Correspondence Paper(20260810-123422).pdf,188,4,4.​   Reduction-Recovery Behavior
7,SEXA Validation & Computational Correspondence Paper(20260810-123422).pdf,189,5,5.​   Falsifiability and Failure Conditions
7,SEXA Validation & Computational Correspondence Paper(20260810-123422).pdf,195,2.1,2.1 Recursive Functional Consistency
7,SEXA Validation & Computational Correspondence Paper(20260810-123422).pdf,198,2880,2880-dimensional recursive manifold.
7,SEXA Validation & Computational Correspondence Paper(20260810-123422).pdf,228,2.2,2.2 Dimensional and Unit Consistency
7,SEXA Validation & Computational Correspondence Paper(20260810-123422).pdf,255,3,3. Sigmatics Computational Correspondence and
7,SEXA Validation & Computational Correspondence Paper(20260810-123422).pdf,261,96,computational correspondence analysis derived through the Sigmatics 96-class geometric
7,SEXA Validation & Computational Correspondence Paper(20260810-123422).pdf,273,2880,"Rather than treating the 2880D manifold as an uninterpretable symbolic abstraction, the"
7,SEXA Validation & Computational Correspondence Paper(20260810-123422).pdf,279,1,1.​ Symmetry preservation under dimensional reduction
7,SEXA Validation & Computational Correspondence Paper(20260810-123422).pdf,280,2,2.​ Average excitation behavior across recursive orbit structures
7,SEXA Validation & Computational Correspondence Paper(20260810-123422).pdf,281,3,3.​ Empire Wave propagation scaling
7,SEXA Validation & Computational Correspondence Paper(20260810-123422).pdf,282,4,4.​ Dimensional thinning and recursive collapse rates
7,SEXA Validation & Computational Correspondence Paper(20260810-123422).pdf,289,4,"4. Reduction-Recovery Analysis Across GR, QFT, and"
7,SEXA Validation & Computational Correspondence Paper(20260810-123422).pdf,313,4.1,4.1 Reduction Architecture
7,SEXA Validation & Computational Correspondence Paper(20260810-123422).pdf,359,4.5,4.5 Unified Reduction Survivability
7,SEXA Validation & Computational Correspondence Paper(20260810-123422).pdf,396,5,"5. Falsifiability, Reviewer Objections, and"
7,SEXA Validation & Computational Correspondence Paper(20260810-123422).pdf,424,5.6,5.6 Reviewer Objection Responses
7,SEXA Validation & Computational Correspondence Paper(20260810-123422).pdf,474,5.7,5.7 Structured Survivability Conclusion
7,SEXA Validation & Computational Correspondence Paper(20260810-123422).pdf,567,1,"1.​   independent computational reproduction of the Sigmatics correspondence,"
7,SEXA Validation & Computational Correspondence Paper(20260810-123422).pdf,568,2,"2.​   theorem-grade operator formalization,"
7,SEXA Validation & Computational Correspondence Paper(20260810-123422).pdf,569,3,"3.​   rigorous reduction derivations,"
7,SEXA Validation & Computational Correspondence Paper(20260810-123422).pdf,571,4,"4.​    bounded-recursion proof structure,"
7,SEXA Validation & Computational Correspondence Paper(20260810-123422).pdf,572,5,5.​    and experimentally testable physical predictions derived from the recursive manifold architecture.
7,SEXA Validation & Computational Correspondence Paper(20260810-123422).pdf,596,1,"1.​    McClain, Jered.​"
7,SEXA Validation & Computational Correspondence Paper(20260810-123422).pdf,600,10.5281,Zenodo DOI: https://doi.org/10.5281/zenodo.17401757
7,SEXA Validation & Computational Correspondence Paper(20260810-123422).pdf,601,2,"2.​    McClain, Jered.​"
7,SEXA Validation & Computational Correspondence Paper(20260810-123422).pdf,604,10.5281,Zenodo DOI: https://doi.org/10.5281/zenodo.17484508
7,SEXA Validation & Computational Correspondence Paper(20260810-123422).pdf,605,3,"3.​    McClain, Jered.​"
7,SEXA Validation & Computational Correspondence Paper(20260810-123422).pdf,608,25 | 2026,"Journal of Advances in Mathematics, Vol. 25, 2026.​"
7,SEXA Validation & Computational Correspondence Paper(20260810-123422).pdf,609,10.24297,DOI: https://doi.org/10.24297/jam.v25i.9887
7,SEXA Validation & Computational Correspondence Paper(20260810-123422).pdf,610,4,"4.​    McClain, Jered.​"
7,SEXA Validation & Computational Correspondence Paper(20260810-123422).pdf,613,25 | 2026,"Journal of Advances in Mathematics, Vol. 25, 2026.​"
7,SEXA Validation & Computational Correspondence Paper(20260810-123422).pdf,614,10.24297,DOI: https://doi.org/10.24297/jam.v25i.9880
7,SEXA Validation & Computational Correspondence Paper(20260810-123422).pdf,615,5,"5.​    McClain, Jered.​"
7,SEXA Validation & Computational Correspondence Paper(20260810-123422).pdf,618,6,6.​    Sigmatics Computational Correspondence Layer.​
7,SEXA Validation & Computational Correspondence Paper(20260810-123422).pdf,620,96,Computational correspondence document utilizing the Sigmatics 96-class geometric algebra framework.
7,SEXA Validation & Computational Correspondence Paper(20260810-123422).pdf,621,7,"7.​    Einstein, Albert.​"
7,SEXA Validation & Computational Correspondence Paper(20260810-123422).pdf,623,1916,"Annalen der Physik, 1916."
7,SEXA Validation & Computational Correspondence Paper(20260810-123422).pdf,624,8,"8.​    Einstein, Albert.​"
7,SEXA Validation & Computational Correspondence Paper(20260810-123422).pdf,626,1905,"Annalen der Physik, 1905."
7,SEXA Validation & Computational Correspondence Paper(20260810-123422).pdf,627,9,"9.​    Yang, C. N., and Mills, R. L.​"
7,SEXA Validation & Computational Correspondence Paper(20260810-123422).pdf,629,1954,"Physical Review, 1954."
7,SEXA Validation & Computational Correspondence Paper(20260810-123422).pdf,630,10,"10.​   Yukawa, Hideki.​"
7,SEXA Validation & Computational Correspondence Paper(20260810-123422).pdf,632,1935,"Proceedings of the Physico-Mathematical Society of Japan, 1935."
7,SEXA Validation & Computational Correspondence Paper(20260810-123422).pdf,633,11,"11.​   Dirac, P. A. M.​"
7,SEXA Validation & Computational Correspondence Paper(20260810-123422).pdf,636,12,"12.​   Feynman, Richard P.​"
7,SEXA Validation & Computational Correspondence Paper(20260810-123422).pdf,639,13,"13.​   Penrose, Roger.​"
7,SEXA Validation & Computational Correspondence Paper(20260810-123422).pdf,642,14,"14.​   Conway, J. H., and Norton, S. P.​"
7,SEXA Validation & Computational Correspondence Paper(20260810-123422).pdf,644,1979,"Bulletin of the London Mathematical Society, 1979."
7,SEXA Validation & Computational Correspondence Paper(20260810-123422).pdf,645,15,"15.​   Baez, John.​"
7,SEXA Validation & Computational Correspondence Paper(20260810-123422).pdf,648,16,"16.​   Noether, Emmy.​"
7,SEXA Validation & Computational Correspondence Paper(20260810-123422).pdf,650,1918,"Nachrichten von der Gesellschaft der Wissenschaften zu Göttingen, 1918."
7,SEXA Validation & Computational Correspondence Paper(20260810-123422).pdf,651,17,"17.​   Wheeler, John Archibald.​"
7,SEXA Validation & Computational Correspondence Paper(20260810-123422).pdf,654,18,"18.​   Gödel, Kurt.​"
7,SEXA Validation & Computational Correspondence Paper(20260810-123422).pdf,656,19,19.​
7,SEXA Validation & Computational Correspondence Paper(20260810-123422).pdf,657,20,"20.​ Hamilton, William Rowan.​"
7,SEXA Validation & Computational Correspondence Paper(20260810-123422).pdf,660,21,"21.​ Clifford, William Kingdon.​"
8,sigmatics(1).pdf,11,96,and the Sigmatics 96-class geometric algebra system.
8,sigmatics(1).pdf,16,1,QUESTION 1: SYMMETRY GROUP PRESERVATION ----------------------------------------
8,sigmatics(1).pdf,17,2880 | 5,"Does 2880-D → 5-D reduction preserve symmetries corresponding to R, T, M?"
8,sigmatics(1).pdf,20,5,✓ T-transform (Twist): DEFINES the 5-D orbit structure
8,sigmatics(1).pdf,21,32 | 2 | 5,• 32 triality orbits = 2^5 coordinate space
8,sigmatics(1).pdf,22,3,• Period-3 recursion = harmonic averaging mechanism
8,sigmatics(1).pdf,25,8 | 4,• Creates 8 independent 4-cycles
8,sigmatics(1).pdf,26,4,• R^4 = identity (quaternion group action)
8,sigmatics(1).pdf,27,24 | 32,• Shift pattern: orbit → (orbit + 24) mod 32
8,sigmatics(1).pdf,28,24 | 3 | 8,• Formula: 24 = 3×8 reveals triadic structure
8,sigmatics(1).pdf,34,2880 | 5,The 2880-D → 5-D reduction preserves the TERNARY RECURSION structure
8,sigmatics(1).pdf,38,5 | 3,you'd expect if the 5-D exciter space is fundamentally based on discrete period-3
8,sigmatics(1).pdf,39,3,cycles rather than continuous SO(3) rotations.
8,sigmatics(1).pdf,40,8 | 4 | 32,The 8 quaternionic R-cycles × 4 phases = 32 orbits demonstrates:
8,sigmatics(1).pdf,41,32 | 8 | 4,32 orbits = 8 (octonion directions) × 4 (quaternion rotations)
8,sigmatics(1).pdf,42,8 | 5,This IS the 8-D → 5-D spinor projection mechanism:
8,sigmatics(1).pdf,43,8 | 0,• 8-D spinor space = ℓ ∈ {0..7} octonion coordinates
8,sigmatics(1).pdf,44,4 | 0 | 1 | 2 | 3,"• 4-D quaternion rotations = h₂ ∈ {0,1,2,3}"
8,sigmatics(1).pdf,46,5 | 32 | 5,• 5-D exciter space = 32 orbits addressed by 5 bits
8,sigmatics(1).pdf,49,2,QUESTION 2: AVERAGE EXCITATION INDEX n̄ -----------------------------------------
8,sigmatics(1).pdf,51,18.86,ANSWER: n̄ ≈ 18.86 represents harmonic mean resonance level
8,sigmatics(1).pdf,53,32,Across all 32 triality orbits:
8,sigmatics(1).pdf,54,47.50,• Arithmetic mean: 47.50
8,sigmatics(1).pdf,55,35.97,• Geometric mean: 35.97
8,sigmatics(1).pdf,56,18.86,• Harmonic mean: 18.86 ← This is n̄
8,sigmatics(1).pdf,58,54.99,54.99
8,sigmatics(1).pdf,61,6.77,H(n) ≈ 6.77 × √n (for orbit index n)
8,sigmatics(1).pdf,69,1,• Harmonic mean natural for 1/r potentials (wave resonance)
8,sigmatics(1).pdf,71,2880 | 2876 | 4,"• 2880-D SEXA has ~2876 ""extra fields"" (beyond base 4-D)"
8,sigmatics(1).pdf,72,2876 | 18.86 | 32 | 1695,• Total excitation: 2876 × (18.86/32) ≈ 1695 units
8,sigmatics(1).pdf,75,60,Your equation uses 60^n̄ as scaling factor.
8,sigmatics(1).pdf,76,18.86,If n̄ = 18.86:
8,sigmatics(1).pdf,77,60 | 18.86 | 3.47 | 10 | 33,60^18.86 = 3.47 × 10^33 (cosmological scale!)
8,sigmatics(1).pdf,78,60 | 32 | 11.2,Normalized: 60^(n̄ /32) ≈ 11.2 (local dynamics scale)
8,sigmatics(1).pdf,83,3,QUESTION 3: EMPIRE WAVE CONSTANT C_Ω --------------------------------------
8,sigmatics(1).pdf,85,26.83 | 2880 | 4,ANSWER: C_Ω ≈ 26.83 = √(2880/4) = dimensional ratio
8,sigmatics(1).pdf,87,1,"Each transform (R, T, M) moves exactly 1 unit in coordinate space:"
8,sigmatics(1).pdf,88,1 | 4,• R: changes h₂ by ±1 (mod 4)
8,sigmatics(1).pdf,89,1 | 3,• T: changes d by ±1 (mod 3)
8,sigmatics(1).pdf,93,1.00,Speed in natural units: 1.00 units/transform (perfectly consistent!)
8,sigmatics(1).pdf,97,1 | 4,• 1 step: 4 classes
8,sigmatics(1).pdf,98,2 | 9,• 2 steps: 9 classes
8,sigmatics(1).pdf,99,3 | 16,• 3 steps: 16 classes
8,sigmatics(1).pdf,100,4 | 24,• 4 steps: 24 classes
8,sigmatics(1).pdf,101,5 | 32,• 5 steps: 32 classes (complete orbit space)
8,sigmatics(1).pdf,103,4 | 3,Initial growth: ~4x per step (3 independent directions + identity)
8,sigmatics(1).pdf,109,4,• c = speed of light in 4-D spacetime
8,sigmatics(1).pdf,110,2880,• C_Ω = effective speed in 2880-D manifold
8,sigmatics(1).pdf,111,2880 | 4 | 26.83,• Ratio: C_Ω/c = √(2880/4) ≈ 26.83
8,sigmatics(1).pdf,114,3,through extra dimensions and project to 3-D observable space.
8,sigmatics(1).pdf,117,256,Information propagates through full 256-D Clifford algebra space
8,sigmatics(1).pdf,118,96,but appears faster when projected to 96-class operational manifold.
8,sigmatics(1).pdf,123,26.83 | 18.86 | 1.42 | 2,C_Ω / n̄ ≈ 26.83 / 18.86 ≈ 1.42 ≈ √2
8,sigmatics(1).pdf,126,6.77 | 3.96 | 4,C_Ω / 6.77 ≈ 3.96 ≈ 4
8,sigmatics(1).pdf,127,4,→ Quaternion factor (4-fold R-symmetry)
8,sigmatics(1).pdf,128,720 | 4 | 2880,C_Ω = √(720 × 4) = √2880
8,sigmatics(1).pdf,132,4,QUESTION 4: THINNING RATIO Ψ_ℓ/Φ_ℓ² --------------------------------------
8,sigmatics(1).pdf,134,1,ANSWER: Yes - exponential collapse at rate ≈ 1/e per major scale
8,sigmatics(1).pdf,137,1 | 2880 | 4 | 0.000348,Exponent: 1/(2880-4) ≈ 0.000348
8,sigmatics(1).pdf,138,5 | 2880,Product: ∏(ℓ=5 to 2880) Ψ_ℓ/Φ_ℓ²
8,sigmatics(1).pdf,139,2876,This describes thinning across ~2876 dimensional scales
8,sigmatics(1).pdf,141,0 | 256 | 0 | 7,"Scale 0: 256-D (Clifford algebra Cl(0,7))"
8,sigmatics(1).pdf,142,0.375 | 1 | 1,↓ ratio = 0.375 ≈ 1/e ≈ 1/φ²
8,sigmatics(1).pdf,143,1 | 96 | 1,Scale 1: 96 classes (rank-1 basis)
8,sigmatics(1).pdf,144,0.333 | 1 | 3,↓ ratio = 0.333 ≈ 1/3
8,sigmatics(1).pdf,145,2 | 32 | 5,Scale 2: 32 orbits (5-D coordinates)
8,sigmatics(1).pdf,146,0.219,↓ ratio = 0.219
8,sigmatics(1).pdf,147,3 | 7,Scale 3: 7 generators (operational)
8,sigmatics(1).pdf,148,0.429,↓ ratio = 0.429
8,sigmatics(1).pdf,149,4 | 3,"Scale 4: 3 transforms (R,T,M axes)"
8,sigmatics(1).pdf,150,0.333 | 1 | 3,↓ ratio = 0.333 ≈ 1/3
8,sigmatics(1).pdf,151,5 | 1,Scale 5: 1 result (evaluation)
8,sigmatics(1).pdf,152,0.330,Geometric mean reduction: 0.330 per scale
8,sigmatics(1).pdf,153,256 | 1 | 256,Overall: 256 → 1 (factor of 256)
8,sigmatics(1).pdf,155,256 | 96 | 0.375,The first reduction 256 → 96 gives ratio 0.375
8,sigmatics(1).pdf,157,1 | 0.368,• 1/e ≈ 0.368 (exponential decay)
8,sigmatics(1).pdf,158,1 | 0.382,• 1/φ² ≈ 0.382 (golden ratio squared)
8,sigmatics(1).pdf,159,0.375 | 3 | 8,• Actual: 0.375 = 3/8 (exact rational)
8,sigmatics(1).pdf,162,2048,Full Clifford space: 2048 bits total information
8,sigmatics(1).pdf,163,96 | 632,Class space (96): 632 bits preserved
8,sigmatics(1).pdf,164,30.9%,Information retention: 30.9%
8,sigmatics(1).pdf,165,69.1%,Information loss: 69.1%
8,sigmatics(1).pdf,166,1.42,Each dimensional reduction loses ~1.42 bits per class
8,sigmatics(1).pdf,167,2876,IF SPREAD OVER 2876 SCALES:
8,sigmatics(1).pdf,168,256 | 1 | 2876,To achieve 256 → 1 reduction over 2876 steps:
8,sigmatics(1).pdf,169,1 | 256 | 1 | 2876 | 0.9981,Per-scale ratio: (1/256)^(1/2876) ≈ 0.9981
8,sigmatics(1).pdf,170,-0.00193,Per-scale exponent: -0.00193
8,sigmatics(1).pdf,172,3000,But accumulated over ~3000 scales: massive reduction.
8,sigmatics(1).pdf,181,1,• How much geometric structure preserved when projecting ℓ → ℓ-1
8,sigmatics(1).pdf,183,1 | 2880 | 4,• Exponent 1/(2880-4) ensures proper normalization
8,sigmatics(1).pdf,188,2880,SEXA 2880-D full manifold
8,sigmatics(1).pdf,190,1,↓ Thinning: ∏ Ψ_ℓ/Φ_ℓ² ≈ (1/e)^n at n major scales
8,sigmatics(1).pdf,192,8 | 0,CCT 8-D spinor space ←→ Sigmatics ℓ ∈ {0..7} (octonion coords)
8,sigmatics(1).pdf,194,8 | 4,↓ Spinor projection via R-transform mixing (8 quaternionic 4-cycles)
8,sigmatics(1).pdf,196,5 | 32 | 32 | 5,SEXA 5-D exciter ←→ Sigmatics 32 triality orbits (log₂(32) = 5)
8,sigmatics(1).pdf,198,3,↓ Harmonic averaging via T-transform (period-3 recursion)
8,sigmatics(1).pdf,200,3 | 2,"3-D operational ←→ Sigmatics reduced (h₂ mod 2, d, ℓ parity)"
8,sigmatics(1).pdf,202,1,1-D result ←→ Single class evaluation
8,sigmatics(1).pdf,204,26.83,C_Ω ≈ 26.83
8,sigmatics(1).pdf,205,18.86,n̄ ≈ 18.86
8,sigmatics(1).pdf,208,0.375 | 1,Ψ/Φ² ≈ 0.375 ≈ 1/e (thinning per major scale)
8,sigmatics(1).pdf,209,6.77,H(n) ≈ 6.77√n (harmonic resonance pattern)
8,sigmatics(1).pdf,211,2,C_Ω / n̄ ≈ √2     (propagation/resonance coupling)
8,sigmatics(1).pdf,212,6.77 | 4,C_Ω / 6.77 ≈ 4 (quaternion factor from R-cycles)
8,sigmatics(1).pdf,213,2880 | 96 | 30,2880 / 96 = 30 (dimension reduction factor)
8,sigmatics(1).pdf,214,256 | 8 | 32,256 / 8 = 32    (Clifford → octonion → orbits)
8,sigmatics(1).pdf,218,2880,2880-D full space
8,sigmatics(1).pdf,219,256 | 0 | 7,"←→ 256-D Cl(0,7) + extensions"
8,sigmatics(1).pdf,220,8,8-D spinor basis
8,sigmatics(1).pdf,221,0,←→ ℓ ∈ {0..7} octonion directions
8,sigmatics(1).pdf,222,5 | 32 | 2 | 5,5-D exciter coordinates ←→ 32 triality orbits (2^5)
8,sigmatics(1).pdf,223,3 | 0 | 1 | 2,"Period-3 harmonic recursion ←→ T-transform (twist d ∈ {0,1,2})"
8,sigmatics(1).pdf,224,8 | 3 | 8 | 4,Spinor projection (8→3) ←→ R-mixing (8 quaternion 4-cycles
9,SEXA Validation & Computational Correspondence Paper (6)(9).pdf,3,5 | 2880,Reduction-Recovery Across 5D–2880D Manifold Regimes
9,SEXA Validation & Computational Correspondence Paper (6)(9).pdf,8,0009 | 0005 | 6185 | 3749,ORCID: 0009-0005-6185-3749​
9,SEXA Validation & Computational Correspondence Paper (6)(9).pdf,14,0009 | 0004 | 4577 | 5253,ORCID: 0009-0004-4577-5253​
9,SEXA Validation & Computational Correspondence Paper (6)(9).pdf,22,1 | 2,1.​    Abstract ........................................................................................................ 2
9,SEXA Validation & Computational Correspondence Paper (6)(9).pdf,23,2 | 3,2.​   Introduction ................................................................................................. 3
9,SEXA Validation & Computational Correspondence Paper (6)(9).pdf,24,3 | 12,3.​   Canonical Validation Targets and Audit Methodology ......................... 12​
9,SEXA Validation & Computational Correspondence Paper (6)(9).pdf,25,3.1 | 12,3.1 Recursive Functional Consistency ..................................................... 12​
9,SEXA Validation & Computational Correspondence Paper (6)(9).pdf,26,1 | 13,Figure 1 — Recursive Manifold Reduction Architecture ....................... 13​
9,SEXA Validation & Computational Correspondence Paper (6)(9).pdf,27,2 | 14,Figure 2 — SREF Equation Analysis and Decomposition ...................... 14​
9,SEXA Validation & Computational Correspondence Paper (6)(9).pdf,28,3.2 | 14,3.2 Dimensional and Unit Consistency ................................................... 14​
9,SEXA Validation & Computational Correspondence Paper (6)(9).pdf,29,3 | 15,Figure 3 — Immediate Dimensional Collapse Audit .............................. 15​
9,SEXA Validation & Computational Correspondence Paper (6)(9).pdf,30,3.3 | 17,3.3 Recursive Scaling and Amplification Stability ............................... 17​
9,SEXA Validation & Computational Correspondence Paper (6)(9).pdf,31,4 | 17,Figure 4 — Dimensional Thinning Cascade Structure .......................... 17​
9,SEXA Validation & Computational Correspondence Paper (6)(9).pdf,32,3.4 | 17,3.4 Structured Audit Criteria ................................................................ 17​
9,SEXA Validation & Computational Correspondence Paper (6)(9).pdf,33,5 | 18,Figure 5 — Audit Metrics / PASS-FAIL Matrix ...................................... 18
9,SEXA Validation & Computational Correspondence Paper (6)(9).pdf,34,4 | 19,4.​   Sigmatics Computational Correspondence and Recursive Orbit Structure ...................................................................................................... 19​
9,SEXA Validation & Computational Correspondence Paper (6)(9).pdf,35,6 | 96 | 19,Figure 6 — Sigmatics 96-Class Integration Framework ....................... 19​
9,SEXA Validation & Computational Correspondence Paper (6)(9).pdf,36,7 | 20,Figure 7 — Sigmatics: Computing the Unified Field ............................ 20​
9,SEXA Validation & Computational Correspondence Paper (6)(9).pdf,37,4.1 | 2880 | 5 | 21,4.1 Symmetry Preservation Under 2880D → 5D Reduction ............... 21​
9,SEXA Validation & Computational Correspondence Paper (6)(9).pdf,38,4.2 | 22,4.2 Harmonic Excitation Index and Recursive Averaging ................. 22​
9,SEXA Validation & Computational Correspondence Paper (6)(9).pdf,39,8 | 23,Figure 8 — Harmonic Resonance and Recursive Averaging .............. 23​
9,SEXA Validation & Computational Correspondence Paper (6)(9).pdf,40,4.3 | 24,4.3 Empire Wave Constant and Propagation Scaling ......................... 24​
9,SEXA Validation & Computational Correspondence Paper (6)(9).pdf,41,9 | 24,Figure 9 — Empire Wave Projection and Propagation Model ............ 24​
9,SEXA Validation & Computational Correspondence Paper (6)(9).pdf,42,4.4 | 25,4.4 Recursive Thinning and Dimensional Cascade Structure ............ 25
9,SEXA Validation & Computational Correspondence Paper (6)(9).pdf,43,5 | 26,"5.​   Reduction-Recovery Analysis Across GR, QFT, and Yukawa Regimes ......................................................................................................... 26​"
9,SEXA Validation & Computational Correspondence Paper (6)(9).pdf,44,5.1 | 26,5.1 Reduction Architecture ................................................................... 26​
9,SEXA Validation & Computational Correspondence Paper (6)(9).pdf,45,5.2 | 27,5.2 General Relativity Recovery ............................................................ 27​
9,SEXA Validation & Computational Correspondence Paper (6)(9).pdf,46,5.3 | 27,5.3 Quantum Field Theory Recovery .................................................... 27​
9,SEXA Validation & Computational Correspondence Paper (6)(9).pdf,47,5.4 | 29,5.4 Yukawa-Type Interaction Recovery ............................................... 29​
9,SEXA Validation & Computational Correspondence Paper (6)(9).pdf,48,5.5 | 30,5.5 Unified Reduction Survivability ....................................................... 30​
9,SEXA Validation & Computational Correspondence Paper (6)(9).pdf,49,10 | 30,Figure 10 — GR/QFT/Yukawa Reduction Correspondence Matrix ..... 30​
9,SEXA Validation & Computational Correspondence Paper (6)(9).pdf,50,11 | 31,Figure 11 — SEXA UFT Survivability Audit Dashboard ....................... 31
9,SEXA Validation & Computational Correspondence Paper (6)(9).pdf,51,6 | 32,"6.​   Falsifiability, Reviewer Objections, and Structured Survivability Audit .............................................................................................................. 32​"
9,SEXA Validation & Computational Correspondence Paper (6)(9).pdf,52,12 | 32,Figure 12 — Reviewer Objection Response Matrix .............................. 32​
9,SEXA Validation & Computational Correspondence Paper (6)(9).pdf,53,6.1 | 33,6.1 Immediate Dimensional Collapse Test ........................................... 33​
9,SEXA Validation & Computational Correspondence Paper (6)(9).pdf,54,6.2 | 33,6.2 Recursive Divergence and Amplification Stability ....................... 33​
9,SEXA Validation & Computational Correspondence Paper (6)(9).pdf,55,6.3 | 34,6.3 Ad Hoc Symbolic Construction Test .............................................. 34​
9,SEXA Validation & Computational Correspondence Paper (6)(9).pdf,56,6.4 | 35,6.4 Computational Traceability Test .................................................... 35​
9,SEXA Validation & Computational Correspondence Paper (6)(9).pdf,57,6.5 | 36,6.5 Reduction-Failure Conditions ........................................................ 36​
9,SEXA Validation & Computational Correspondence Paper (6)(9).pdf,58,6.6 | 36,6.6 Reviewer Objection Responses ...................................................... 36​
9,SEXA Validation & Computational Correspondence Paper (6)(9).pdf,59,6.7 | 37,6.7 Structured Survivability Conclusion .............................................. 37​
9,SEXA Validation & Computational Correspondence Paper (6)(9).pdf,60,13 | 38,Figure 13 — Theoretical Maturity Timeline Diagnostic ...................... 38​
9,SEXA Validation & Computational Correspondence Paper (6)(9).pdf,61,14 | 39,Figure 14 — Layered Survivability Stack .............................................. 39
9,SEXA Validation & Computational Correspondence Paper (6)(9).pdf,62,7 | 40,7.​   Conclusion ................................................................................................ 40​
9,SEXA Validation & Computational Correspondence Paper (6)(9).pdf,63,15 | 42,Figure 15 — Final System Diagnostic Verdict ...................................... 42​
9,SEXA Validation & Computational Correspondence Paper (6)(9).pdf,64,16 | 43,Figure 16 — SEXA UFT: The Survivability Audit .................................. 43
9,SEXA Validation & Computational Correspondence Paper (6)(9).pdf,65,8 | 44,8.​   APPENDIX A — Formal Symbol Definitions ........................................ 44
9,SEXA Validation & Computational Correspondence Paper (6)(9).pdf,66,9 | 45,9.​   References ................................................................................................. 45
9,SEXA Validation & Computational Correspondence Paper (6)(9).pdf,76,2880,"SEXA Recursive Energy Functional (SREF), Γ-glyph admissibility chain, Σ₆₀ logical structure, and 2880-dimensional"
9,SEXA Validation & Computational Correspondence Paper (6)(9).pdf,82,2880,evaluate the dimensional reduction cascade from 2880-dimensional recursive structure into the operational
9,SEXA Validation & Computational Correspondence Paper (6)(9).pdf,83,32,"five-dimensional exciter manifold. This analysis demonstrates consistent emergence of 32 triality orbits, quaternionic"
9,SEXA Validation & Computational Correspondence Paper (6)(9).pdf,84,4 | 3,"4-cycle mixing, period-3 harmonic recursion, dimensional thinning behavior approximating exponential collapse, and"
9,SEXA Validation & Computational Correspondence Paper (6)(9).pdf,87,1,1. Introduction
9,SEXA Validation & Computational Correspondence Paper (6)(9).pdf,100,2880,defined over a five-dimensional operational manifold with recursive extension into a 2880-dimensional
9,SEXA Validation & Computational Correspondence Paper (6)(9).pdf,125,1,1.​ To consolidate the computational correspondence analysis between SEXA recursive structures and the
9,SEXA Validation & Computational Correspondence Paper (6)(9).pdf,126,96,Sigmatics 96-class geometric algebra system.
9,SEXA Validation & Computational Correspondence Paper (6)(9).pdf,127,2,"2.​ To evaluate the internal dimensional consistency, orbit arithmetic, recursion scaling, and admissibility"
9,SEXA Validation & Computational Correspondence Paper (6)(9).pdf,129,3,"3.​ To examine the framework’s stated reduction behavior into General Relativity, Quantum Field Theory, and"
9,SEXA Validation & Computational Correspondence Paper (6)(9).pdf,131,4,4.​ To distinguish explicitly between internal formal survivability and experimentally established physical proof.
9,SEXA Validation & Computational Correspondence Paper (6)(9).pdf,137,32,"●​   32 triality orbit emergence,"
9,SEXA Validation & Computational Correspondence Paper (6)(9).pdf,138,3,"●​   period-3 harmonic recursion,"
9,SEXA Validation & Computational Correspondence Paper (6)(9).pdf,177,2,2. Canonical Validation Targets and Audit
9,SEXA Validation & Computational Correspondence Paper (6)(9).pdf,185,1,1.​   Recursive Functional Consistency
9,SEXA Validation & Computational Correspondence Paper (6)(9).pdf,186,2,2.​   Dimensional and Unit Consistency
9,SEXA Validation & Computational Correspondence Paper (6)(9).pdf,187,3,3.​   Computational Correspondence and Orbit Structure
9,SEXA Validation & Computational Correspondence Paper (6)(9).pdf,188,4,4.​   Reduction-Recovery Behavior
9,SEXA Validation & Computational Correspondence Paper (6)(9).pdf,189,5,5.​   Falsifiability and Failure Conditions
9,SEXA Validation & Computational Correspondence Paper (6)(9).pdf,195,2.1,2.1 Recursive Functional Consistency
9,SEXA Validation & Computational Correspondence Paper (6)(9).pdf,198,2880,2880-dimensional recursive manifold.
9,SEXA Validation & Computational Correspondence Paper (6)(9).pdf,228,2.2,2.2 Dimensional and Unit Consistency
9,SEXA Validation & Computational Correspondence Paper (6)(9).pdf,255,3,3. Sigmatics Computational Correspondence and
9,SEXA Validation & Computational Correspondence Paper (6)(9).pdf,261,96,computational correspondence analysis derived through the Sigmatics 96-class geometric
9,SEXA Validation & Computational Correspondence Paper (6)(9).pdf,273,2880,"Rather than treating the 2880D manifold as an uninterpretable symbolic abstraction, the"
9,SEXA Validation & Computational Correspondence Paper (6)(9).pdf,279,1,1.​ Symmetry preservation under dimensional reduction
9,SEXA Validation & Computational Correspondence Paper (6)(9).pdf,280,2,2.​ Average excitation behavior across recursive orbit structures
9,SEXA Validation & Computational Correspondence Paper (6)(9).pdf,281,3,3.​ Empire Wave propagation scaling
9,SEXA Validation & Computational Correspondence Paper (6)(9).pdf,282,4,4.​ Dimensional thinning and recursive collapse rates
9,SEXA Validation & Computational Correspondence Paper (6)(9).pdf,289,4,"4. Reduction-Recovery Analysis Across GR, QFT, and"
9,SEXA Validation & Computational Correspondence Paper (6)(9).pdf,313,4.1,4.1 Reduction Architecture
9,SEXA Validation & Computational Correspondence Paper (6)(9).pdf,359,4.5,4.5 Unified Reduction Survivability
9,SEXA Validation & Computational Correspondence Paper (6)(9).pdf,396,5,"5. Falsifiability, Reviewer Objections, and"
9,SEXA Validation & Computational Correspondence Paper (6)(9).pdf,424,5.6,5.6 Reviewer Objection Responses
9,SEXA Validation & Computational Correspondence Paper (6)(9).pdf,474,5.7,5.7 Structured Survivability Conclusion
9,SEXA Validation & Computational Correspondence Paper (6)(9).pdf,567,1,"1.​   independent computational reproduction of the Sigmatics correspondence,"
9,SEXA Validation & Computational Correspondence Paper (6)(9).pdf,568,2,"2.​   theorem-grade operator formalization,"
9,SEXA Validation & Computational Correspondence Paper (6)(9).pdf,569,3,"3.​   rigorous reduction derivations,"
9,SEXA Validation & Computational Correspondence Paper (6)(9).pdf,571,4,"4.​    bounded-recursion proof structure,"
9,SEXA Validation & Computational Correspondence Paper (6)(9).pdf,572,5,5.​    and experimentally testable physical predictions derived from the recursive manifold architecture.
9,SEXA Validation & Computational Correspondence Paper (6)(9).pdf,596,1,"1.​    McClain, Jered.​"
9,SEXA Validation & Computational Correspondence Paper (6)(9).pdf,600,10.5281,Zenodo DOI: https://doi.org/10.5281/zenodo.17401757
9,SEXA Validation & Computational Correspondence Paper (6)(9).pdf,601,2,"2.​    McClain, Jered.​"
9,SEXA Validation & Computational Correspondence Paper (6)(9).pdf,604,10.5281,Zenodo DOI: https://doi.org/10.5281/zenodo.17484508
9,SEXA Validation & Computational Correspondence Paper (6)(9).pdf,605,3,"3.​    McClain, Jered.​"
9,SEXA Validation & Computational Correspondence Paper (6)(9).pdf,608,25 | 2026,"Journal of Advances in Mathematics, Vol. 25, 2026.​"
9,SEXA Validation & Computational Correspondence Paper (6)(9).pdf,609,10.24297,DOI: https://doi.org/10.24297/jam.v25i.9887
9,SEXA Validation & Computational Correspondence Paper (6)(9).pdf,610,4,"4.​    McClain, Jered.​"
9,SEXA Validation & Computational Correspondence Paper (6)(9).pdf,613,25 | 2026,"Journal of Advances in Mathematics, Vol. 25, 2026.​"
9,SEXA Validation & Computational Correspondence Paper (6)(9).pdf,614,10.24297,DOI: https://doi.org/10.24297/jam.v25i.9880
9,SEXA Validation & Computational Correspondence Paper (6)(9).pdf,615,5,"5.​    McClain, Jered.​"
9,SEXA Validation & Computational Correspondence Paper (6)(9).pdf,618,6,6.​    Sigmatics Computational Correspondence Layer.​
9,SEXA Validation & Computational Correspondence Paper (6)(9).pdf,620,96,Computational correspondence document utilizing the Sigmatics 96-class geometric algebra framework.
9,SEXA Validation & Computational Correspondence Paper (6)(9).pdf,621,7,"7.​    Einstein, Albert.​"
9,SEXA Validation & Computational Correspondence Paper (6)(9).pdf,623,1916,"Annalen der Physik, 1916."
9,SEXA Validation & Computational Correspondence Paper (6)(9).pdf,624,8,"8.​    Einstein, Albert.​"
9,SEXA Validation & Computational Correspondence Paper (6)(9).pdf,626,1905,"Annalen der Physik, 1905."
9,SEXA Validation & Computational Correspondence Paper (6)(9).pdf,627,9,"9.​    Yang, C. N., and Mills, R. L.​"
9,SEXA Validation & Computational Correspondence Paper (6)(9).pdf,629,1954,"Physical Review, 1954."
9,SEXA Validation & Computational Correspondence Paper (6)(9).pdf,630,10,"10.​   Yukawa, Hideki.​"
9,SEXA Validation & Computational Correspondence Paper (6)(9).pdf,632,1935,"Proceedings of the Physico-Mathematical Society of Japan, 1935."
9,SEXA Validation & Computational Correspondence Paper (6)(9).pdf,633,11,"11.​   Dirac, P. A. M.​"
9,SEXA Validation & Computational Correspondence Paper (6)(9).pdf,636,12,"12.​   Feynman, Richard P.​"
9,SEXA Validation & Computational Correspondence Paper (6)(9).pdf,639,13,"13.​   Penrose, Roger.​"
9,SEXA Validation & Computational Correspondence Paper (6)(9).pdf,642,14,"14.​   Conway, J. H., and Norton, S. P.​"
9,SEXA Validation & Computational Correspondence Paper (6)(9).pdf,644,1979,"Bulletin of the London Mathematical Society, 1979."
9,SEXA Validation & Computational Correspondence Paper (6)(9).pdf,645,15,"15.​   Baez, John.​"
9,SEXA Validation & Computational Correspondence Paper (6)(9).pdf,648,16,"16.​   Noether, Emmy.​"
9,SEXA Validation & Computational Correspondence Paper (6)(9).pdf,650,1918,"Nachrichten von der Gesellschaft der Wissenschaften zu Göttingen, 1918."
9,SEXA Validation & Computational Correspondence Paper (6)(9).pdf,651,17,"17.​   Wheeler, John Archibald.​"
9,SEXA Validation & Computational Correspondence Paper (6)(9).pdf,654,18,"18.​   Gödel, Kurt.​"
9,SEXA Validation & Computational Correspondence Paper (6)(9).pdf,656,19,19.​
9,SEXA Validation & Computational Correspondence Paper (6)(9).pdf,657,20,"20.​ Hamilton, William Rowan.​"
9,SEXA Validation & Computational Correspondence Paper (6)(9).pdf,660,21,"21.​ Clifford, William Kingdon.​"
10,"The SEXA Mathematical Framework Unified Recursive Manifold Dynamics, Dimensional Collapse Operators, and Triality-Structured Exciter Geometry — MASTER PEER REVIEW EDITION (1)(20260810-123631).pdf",9,0009 | 0005 | 6185 | 3749,ORCID: 0009-0005-6185-3749
10,"The SEXA Mathematical Framework Unified Recursive Manifold Dynamics, Dimensional Collapse Operators, and Triality-Structured Exciter Geometry — MASTER PEER REVIEW EDITION (1)(20260810-123631).pdf",12,10 | 18 | 2025,10/18/2025
10,"The SEXA Mathematical Framework Unified Recursive Manifold Dynamics, Dimensional Collapse Operators, and Triality-Structured Exciter Geometry — MASTER PEER REVIEW EDITION (1)(20260810-123631).pdf",24,10.5281,DOI: https://doi.org/10.5281/zenodo.17401757​
10,"The SEXA Mathematical Framework Unified Recursive Manifold Dynamics, Dimensional Collapse Operators, and Triality-Structured Exciter Geometry — MASTER PEER REVIEW EDITION (1)(20260810-123631).pdf",25,0009 | 0005 | 6185 | 3749,ORCID: https://orcid.org/0009-0005-6185-3749
10,"The SEXA Mathematical Framework Unified Recursive Manifold Dynamics, Dimensional Collapse Operators, and Triality-Structured Exciter Geometry — MASTER PEER REVIEW EDITION (1)(20260810-123631).pdf",32,1 | 2 | 3,"1,2,3) Hight,Depth,Width [Strong Force, Weak Force, Electromagnetic Force]"
10,"The SEXA Mathematical Framework Unified Recursive Manifold Dynamics, Dimensional Collapse Operators, and Triality-Structured Exciter Geometry — MASTER PEER REVIEW EDITION (1)(20260810-123631).pdf",33,4,Green — Gravity Field— 4th Dimension/Density
10,"The SEXA Mathematical Framework Unified Recursive Manifold Dynamics, Dimensional Collapse Operators, and Triality-Structured Exciter Geometry — MASTER PEER REVIEW EDITION (1)(20260810-123631).pdf",34,5,Purple — Quantum Field—5th Dimension/Density
10,"The SEXA Mathematical Framework Unified Recursive Manifold Dynamics, Dimensional Collapse Operators, and Triality-Structured Exciter Geometry — MASTER PEER REVIEW EDITION (1)(20260810-123631).pdf",50,0009 | 0005 | 6391 | 486,ORCID: 0009-0005-6391-486X ↗​
10,"The SEXA Mathematical Framework Unified Recursive Manifold Dynamics, Dimensional Collapse Operators, and Triality-Structured Exciter Geometry — MASTER PEER REVIEW EDITION (1)(20260810-123631).pdf",51,10.5281,DOI: 10.5281/zenodo.17484508 ↗
10,"The SEXA Mathematical Framework Unified Recursive Manifold Dynamics, Dimensional Collapse Operators, and Triality-Structured Exciter Geometry — MASTER PEER REVIEW EDITION (1)(20260810-123631).pdf",83,0009 | 0005 | 6185 | 3749,https://orcid.org/0009-0005-6185-3749
10,"The SEXA Mathematical Framework Unified Recursive Manifold Dynamics, Dimensional Collapse Operators, and Triality-Structured Exciter Geometry — MASTER PEER REVIEW EDITION (1)(20260810-123631).pdf",89,10.5281,SEXA Unified Field Series (v4): https://doi.org/10.5281/zenodo.17515080​
10,"The SEXA Mathematical Framework Unified Recursive Manifold Dynamics, Dimensional Collapse Operators, and Triality-Structured Exciter Geometry — MASTER PEER REVIEW EDITION (1)(20260810-123631).pdf",90,10.17605,Foundation Preprint: https://doi.org/10.17605/OSF.IO/B8KCU
10,"The SEXA Mathematical Framework Unified Recursive Manifold Dynamics, Dimensional Collapse Operators, and Triality-Structured Exciter Geometry — MASTER PEER REVIEW EDITION (1)(20260810-123631).pdf",97,2025,This manuscript is submitted under the MDPI fee waiver invitation dated November 2025
10,"The SEXA Mathematical Framework Unified Recursive Manifold Dynamics, Dimensional Collapse Operators, and Triality-Structured Exciter Geometry — MASTER PEER REVIEW EDITION (1)(20260810-123631).pdf",106,10,rotations across φ (phi) and θ (theta) axes. This yields a 10-condition closure system extending
10,"The SEXA Mathematical Framework Unified Recursive Manifold Dynamics, Dimensional Collapse Operators, and Triality-Structured Exciter Geometry — MASTER PEER REVIEW EDITION (1)(20260810-123631).pdf",113,1,1. Introduction
10,"The SEXA Mathematical Framework Unified Recursive Manifold Dynamics, Dimensional Collapse Operators, and Triality-Structured Exciter Geometry — MASTER PEER REVIEW EDITION (1)(20260810-123631).pdf",138,60,PDF ingestion (up to 60 documents)
10,"The SEXA Mathematical Framework Unified Recursive Manifold Dynamics, Dimensional Collapse Operators, and Triality-Structured Exciter Geometry — MASTER PEER REVIEW EDITION (1)(20260810-123631).pdf",150,9,9-Criteria UFT validation
10,"The SEXA Mathematical Framework Unified Recursive Manifold Dynamics, Dimensional Collapse Operators, and Triality-Structured Exciter Geometry — MASTER PEER REVIEW EDITION (1)(20260810-123631).pdf",157,0 | 60,Coherence score (0–60)
10,"The SEXA Mathematical Framework Unified Recursive Manifold Dynamics, Dimensional Collapse Operators, and Triality-Structured Exciter Geometry — MASTER PEER REVIEW EDITION (1)(20260810-123631).pdf",168,2024,"McClain, J. The SEXA Unified Field Series: Criterion of Nine. Zenodo (2024)."
10,"The SEXA Mathematical Framework Unified Recursive Manifold Dynamics, Dimensional Collapse Operators, and Triality-Structured Exciter Geometry — MASTER PEER REVIEW EDITION (1)(20260810-123631).pdf",169,10.5281,DOI:10.5281/zenodo.17515080​
10,"The SEXA Mathematical Framework Unified Recursive Manifold Dynamics, Dimensional Collapse Operators, and Triality-Structured Exciter Geometry — MASTER PEER REVIEW EDITION (1)(20260810-123631).pdf",172,2024 | 10.17605,Preprints (2024). DOI:10.17605/OSF.IO/B8KCU​
10,"The SEXA Mathematical Framework Unified Recursive Manifold Dynamics, Dimensional Collapse Operators, and Triality-Structured Exciter Geometry — MASTER PEER REVIEW EDITION (1)(20260810-123631).pdf",174,2025,"Tynski, K. The Self-Consistent Coherence-Maximizing Universe. (2025)​"
10,"The SEXA Mathematical Framework Unified Recursive Manifold Dynamics, Dimensional Collapse Operators, and Triality-Structured Exciter Geometry — MASTER PEER REVIEW EDITION (1)(20260810-123631).pdf",177,1931,Systeme (1931)​
10,"The SEXA Mathematical Framework Unified Recursive Manifold Dynamics, Dimensional Collapse Operators, and Triality-Structured Exciter Geometry — MASTER PEER REVIEW EDITION (1)(20260810-123631).pdf",179,1916,"Einstein, A. The Foundation of the General Theory of Relativity. Annalen der Physik (1916)​"
10,"The SEXA Mathematical Framework Unified Recursive Manifold Dynamics, Dimensional Collapse Operators, and Triality-Structured Exciter Geometry — MASTER PEER REVIEW EDITION (1)(20260810-123631).pdf",182,1901,(1901)​
10,"The SEXA Mathematical Framework Unified Recursive Manifold Dynamics, Dimensional Collapse Operators, and Triality-Structured Exciter Geometry — MASTER PEER REVIEW EDITION (1)(20260810-123631).pdf",184,1926,"Schrödinger, E. Quantisierung als Eigenwertproblem. Annalen der Physik (1926)​"
10,"The SEXA Mathematical Framework Unified Recursive Manifold Dynamics, Dimensional Collapse Operators, and Triality-Structured Exciter Geometry — MASTER PEER REVIEW EDITION (1)(20260810-123631).pdf",187,1967,(1967)​
10,"The SEXA Mathematical Framework Unified Recursive Manifold Dynamics, Dimensional Collapse Operators, and Triality-Structured Exciter Geometry — MASTER PEER REVIEW EDITION (1)(20260810-123631).pdf",189,2004,"Penrose, R. The Road to Reality. (2004)​"
10,"The SEXA Mathematical Framework Unified Recursive Manifold Dynamics, Dimensional Collapse Operators, and Triality-Structured Exciter Geometry — MASTER PEER REVIEW EDITION (1)(20260810-123631).pdf",191,2023,"Sarfatti, J. Neocortical Quantum Coherent Field Model. (2023)​"
10,"The SEXA Mathematical Framework Unified Recursive Manifold Dynamics, Dimensional Collapse Operators, and Triality-Structured Exciter Geometry — MASTER PEER REVIEW EDITION (1)(20260810-123631).pdf",193,2017,"Irwin, K. Emergence Theory and Geometric Unification. Quantum Gravity Research (2017)​"
10,"The SEXA Mathematical Framework Unified Recursive Manifold Dynamics, Dimensional Collapse Operators, and Triality-Structured Exciter Geometry — MASTER PEER REVIEW EDITION (1)(20260810-123631).pdf",195,2013,"Hobson, A. There are no particles, there are only fields. American Journal of Physics (2013)​"
10,"The SEXA Mathematical Framework Unified Recursive Manifold Dynamics, Dimensional Collapse Operators, and Triality-Structured Exciter Geometry — MASTER PEER REVIEW EDITION (1)(20260810-123631).pdf",197,1995,"Susskind, L. The World as a Hologram. J. Math. Phys. (1995)​"
10,"The SEXA Mathematical Framework Unified Recursive Manifold Dynamics, Dimensional Collapse Operators, and Triality-Structured Exciter Geometry — MASTER PEER REVIEW EDITION (1)(20260810-123631).pdf",200,2025,Internal Memo (2025)
10,"The SEXA Mathematical Framework Unified Recursive Manifold Dynamics, Dimensional Collapse Operators, and Triality-Structured Exciter Geometry — MASTER PEER REVIEW EDITION (1)(20260810-123631).pdf",215,96,and the Sigmatics 96-class geometric algebra system.
10,"The SEXA Mathematical Framework Unified Recursive Manifold Dynamics, Dimensional Collapse Operators, and Triality-Structured Exciter Geometry — MASTER PEER REVIEW EDITION (1)(20260810-123631).pdf",223,1,QUESTION 1: SYMMETRY GROUP PRESERVATION
10,"The SEXA Mathematical Framework Unified Recursive Manifold Dynamics, Dimensional Collapse Operators, and Triality-Structured Exciter Geometry — MASTER PEER REVIEW EDITION (1)(20260810-123631).pdf",226,2880 | 5,"Does 2880-D → 5-D reduction preserve symmetries corresponding to R, T, M?"
10,"The SEXA Mathematical Framework Unified Recursive Manifold Dynamics, Dimensional Collapse Operators, and Triality-Structured Exciter Geometry — MASTER PEER REVIEW EDITION (1)(20260810-123631).pdf",231,5,✓ T-transform (Twist): DEFINES the 5-D orbit structure
10,"The SEXA Mathematical Framework Unified Recursive Manifold Dynamics, Dimensional Collapse Operators, and Triality-Structured Exciter Geometry — MASTER PEER REVIEW EDITION (1)(20260810-123631).pdf",232,32 | 2 | 5,• 32 triality orbits = 2^5 coordinate space
10,"The SEXA Mathematical Framework Unified Recursive Manifold Dynamics, Dimensional Collapse Operators, and Triality-Structured Exciter Geometry — MASTER PEER REVIEW EDITION (1)(20260810-123631).pdf",233,3,• Period-3 recursion = harmonic averaging mechanism
10,"The SEXA Mathematical Framework Unified Recursive Manifold Dynamics, Dimensional Collapse Operators, and Triality-Structured Exciter Geometry — MASTER PEER REVIEW EDITION (1)(20260810-123631).pdf",237,8 | 4,• Creates 8 independent 4-cycles
10,"The SEXA Mathematical Framework Unified Recursive Manifold Dynamics, Dimensional Collapse Operators, and Triality-Structured Exciter Geometry — MASTER PEER REVIEW EDITION (1)(20260810-123631).pdf",238,4,• R^4 = identity (quaternion group action)
10,"The SEXA Mathematical Framework Unified Recursive Manifold Dynamics, Dimensional Collapse Operators, and Triality-Structured Exciter Geometry — MASTER PEER REVIEW EDITION (1)(20260810-123631).pdf",239,24 | 32,• Shift pattern: orbit → (orbit + 24) mod 32
10,"The SEXA Mathematical Framework Unified Recursive Manifold Dynamics, Dimensional Collapse Operators, and Triality-Structured Exciter Geometry — MASTER PEER REVIEW EDITION (1)(20260810-123631).pdf",240,24 | 3 | 8,• Formula: 24 = 3×8 reveals triadic structure
10,"The SEXA Mathematical Framework Unified Recursive Manifold Dynamics, Dimensional Collapse Operators, and Triality-Structured Exciter Geometry — MASTER PEER REVIEW EDITION (1)(20260810-123631).pdf",249,2880 | 5,The 2880-D → 5-D reduction preserves the TERNARY RECURSION structure (T-symmetry)
10,"The SEXA Mathematical Framework Unified Recursive Manifold Dynamics, Dimensional Collapse Operators, and Triality-Structured Exciter Geometry — MASTER PEER REVIEW EDITION (1)(20260810-123631).pdf",251,5 | 3,you'd expect if the 5-D exciter space is fundamentally based on discrete period-3
10,"The SEXA Mathematical Framework Unified Recursive Manifold Dynamics, Dimensional Collapse Operators, and Triality-Structured Exciter Geometry — MASTER PEER REVIEW EDITION (1)(20260810-123631).pdf",252,3,cycles rather than continuous SO(3) rotations.
10,"The SEXA Mathematical Framework Unified Recursive Manifold Dynamics, Dimensional Collapse Operators, and Triality-Structured Exciter Geometry — MASTER PEER REVIEW EDITION (1)(20260810-123631).pdf",254,8 | 4 | 32,The 8 quaternionic R-cycles × 4 phases = 32 orbits demonstrates:
10,"The SEXA Mathematical Framework Unified Recursive Manifold Dynamics, Dimensional Collapse Operators, and Triality-Structured Exciter Geometry — MASTER PEER REVIEW EDITION (1)(20260810-123631).pdf",255,32 | 8 | 4,32 orbits = 8 (octonion directions) × 4 (quaternion rotations)
10,"The SEXA Mathematical Framework Unified Recursive Manifold Dynamics, Dimensional Collapse Operators, and Triality-Structured Exciter Geometry — MASTER PEER REVIEW EDITION (1)(20260810-123631).pdf",257,8 | 5,This IS the 8-D → 5-D spinor projection mechanism:
10,"The SEXA Mathematical Framework Unified Recursive Manifold Dynamics, Dimensional Collapse Operators, and Triality-Structured Exciter Geometry — MASTER PEER REVIEW EDITION (1)(20260810-123631).pdf",258,8 | 0,• 8-D spinor space = ℓ ∈ {0..7} octonion coordinates
10,"The SEXA Mathematical Framework Unified Recursive Manifold Dynamics, Dimensional Collapse Operators, and Triality-Structured Exciter Geometry — MASTER PEER REVIEW EDITION (1)(20260810-123631).pdf",259,4 | 0 | 1 | 2 | 3,"• 4-D quaternion rotations = h₂ ∈ {0,1,2,3}"
10,"The SEXA Mathematical Framework Unified Recursive Manifold Dynamics, Dimensional Collapse Operators, and Triality-Structured Exciter Geometry — MASTER PEER REVIEW EDITION (1)(20260810-123631).pdf",260,5 | 32 | 5,• 5-D exciter space = 32 orbits addressed by 5 bits
10,"The SEXA Mathematical Framework Unified Recursive Manifold Dynamics, Dimensional Collapse Operators, and Triality-Structured Exciter Geometry — MASTER PEER REVIEW EDITION (1)(20260810-123631).pdf",265,2,QUESTION 2: AVERAGE EXCITATION INDEX n̄
10,"The SEXA Mathematical Framework Unified Recursive Manifold Dynamics, Dimensional Collapse Operators, and Triality-Structured Exciter Geometry — MASTER PEER REVIEW EDITION (1)(20260810-123631).pdf",270,18.86,ANSWER: n̄ ≈ 18.86 represents harmonic mean resonance level
10,"The SEXA Mathematical Framework Unified Recursive Manifold Dynamics, Dimensional Collapse Operators, and Triality-Structured Exciter Geometry — MASTER PEER REVIEW EDITION (1)(20260810-123631).pdf",273,32,Across all 32 triality orbits:
10,"The SEXA Mathematical Framework Unified Recursive Manifold Dynamics, Dimensional Collapse Operators, and Triality-Structured Exciter Geometry — MASTER PEER REVIEW EDITION (1)(20260810-123631).pdf",274,47.50,• Arithmetic mean: 47.50
10,"The SEXA Mathematical Framework Unified Recursive Manifold Dynamics, Dimensional Collapse Operators, and Triality-Structured Exciter Geometry — MASTER PEER REVIEW EDITION (1)(20260810-123631).pdf",275,35.97,• Geometric mean: 35.97
10,"The SEXA Mathematical Framework Unified Recursive Manifold Dynamics, Dimensional Collapse Operators, and Triality-Structured Exciter Geometry — MASTER PEER REVIEW EDITION (1)(20260810-123631).pdf",276,18.86,• Harmonic mean: 18.86 ← This is n̄
10,"The SEXA Mathematical Framework Unified Recursive Manifold Dynamics, Dimensional Collapse Operators, and Triality-Structured Exciter Geometry — MASTER PEER REVIEW EDITION (1)(20260810-123631).pdf",277,54.99,• RMS mean:          54.99
10,"The SEXA Mathematical Framework Unified Recursive Manifold Dynamics, Dimensional Collapse Operators, and Triality-Structured Exciter Geometry — MASTER PEER REVIEW EDITION (1)(20260810-123631).pdf",281,6.77,H(n) ≈ 6.77 × √n (for orbit index n)
10,"The SEXA Mathematical Framework Unified Recursive Manifold Dynamics, Dimensional Collapse Operators, and Triality-Structured Exciter Geometry — MASTER PEER REVIEW EDITION (1)(20260810-123631).pdf",292,1,• Harmonic mean natural for 1/r potentials (wave resonance)
10,"The SEXA Mathematical Framework Unified Recursive Manifold Dynamics, Dimensional Collapse Operators, and Triality-Structured Exciter Geometry — MASTER PEER REVIEW EDITION (1)(20260810-123631).pdf",295,2880 | 2876 | 4,"• 2880-D SEXA has ~2876 ""extra fields"" (beyond base 4-D)"
10,"The SEXA Mathematical Framework Unified Recursive Manifold Dynamics, Dimensional Collapse Operators, and Triality-Structured Exciter Geometry — MASTER PEER REVIEW EDITION (1)(20260810-123631).pdf",296,2876 | 18.86 | 32 | 1695,• Total excitation: 2876 × (18.86/32) ≈ 1695 units
10,"The SEXA Mathematical Framework Unified Recursive Manifold Dynamics, Dimensional Collapse Operators, and Triality-Structured Exciter Geometry — MASTER PEER REVIEW EDITION (1)(20260810-123631).pdf",300,60,Your equation uses 60^n̄ as scaling factor.
10,"The SEXA Mathematical Framework Unified Recursive Manifold Dynamics, Dimensional Collapse Operators, and Triality-Structured Exciter Geometry — MASTER PEER REVIEW EDITION (1)(20260810-123631).pdf",302,18.86,If n̄ = 18.86:
10,"The SEXA Mathematical Framework Unified Recursive Manifold Dynamics, Dimensional Collapse Operators, and Triality-Structured Exciter Geometry — MASTER PEER REVIEW EDITION (1)(20260810-123631).pdf",303,60 | 18.86 | 3.47 | 10 | 33,60^18.86 = 3.47 × 10^33 (cosmological scale!)
10,"The SEXA Mathematical Framework Unified Recursive Manifold Dynamics, Dimensional Collapse Operators, and Triality-Structured Exciter Geometry — MASTER PEER REVIEW EDITION (1)(20260810-123631).pdf",305,60 | 32 | 11.2,Normalized: 60^(n̄/32) ≈ 11.2 (local dynamics scale)
10,"The SEXA Mathematical Framework Unified Recursive Manifold Dynamics, Dimensional Collapse Operators, and Triality-Structured Exciter Geometry — MASTER PEER REVIEW EDITION (1)(20260810-123631).pdf",313,3,QUESTION 3: EMPIRE WAVE CONSTANT C_Ω
10,"The SEXA Mathematical Framework Unified Recursive Manifold Dynamics, Dimensional Collapse Operators, and Triality-Structured Exciter Geometry — MASTER PEER REVIEW EDITION (1)(20260810-123631).pdf",318,26.83 | 2880 | 4,ANSWER: C_Ω ≈ 26.83 = √(2880/4) = dimensional ratio
10,"The SEXA Mathematical Framework Unified Recursive Manifold Dynamics, Dimensional Collapse Operators, and Triality-Structured Exciter Geometry — MASTER PEER REVIEW EDITION (1)(20260810-123631).pdf",321,1,"Each transform (R, T, M) moves exactly 1 unit in coordinate space:"
10,"The SEXA Mathematical Framework Unified Recursive Manifold Dynamics, Dimensional Collapse Operators, and Triality-Structured Exciter Geometry — MASTER PEER REVIEW EDITION (1)(20260810-123631).pdf",322,1 | 4,• R: changes h₂ by ±1 (mod 4)
10,"The SEXA Mathematical Framework Unified Recursive Manifold Dynamics, Dimensional Collapse Operators, and Triality-Structured Exciter Geometry — MASTER PEER REVIEW EDITION (1)(20260810-123631).pdf",323,1 | 3,• T: changes d by ±1 (mod 3)
10,"The SEXA Mathematical Framework Unified Recursive Manifold Dynamics, Dimensional Collapse Operators, and Triality-Structured Exciter Geometry — MASTER PEER REVIEW EDITION (1)(20260810-123631).pdf",326,1.00,Speed in natural units: 1.00 units/transform (perfectly consistent!)
10,"The SEXA Mathematical Framework Unified Recursive Manifold Dynamics, Dimensional Collapse Operators, and Triality-Structured Exciter Geometry — MASTER PEER REVIEW EDITION (1)(20260810-123631).pdf",330,1 | 4,• 1 step: 4 classes
10,"The SEXA Mathematical Framework Unified Recursive Manifold Dynamics, Dimensional Collapse Operators, and Triality-Structured Exciter Geometry — MASTER PEER REVIEW EDITION (1)(20260810-123631).pdf",331,2 | 9,• 2 steps: 9 classes
10,"The SEXA Mathematical Framework Unified Recursive Manifold Dynamics, Dimensional Collapse Operators, and Triality-Structured Exciter Geometry — MASTER PEER REVIEW EDITION (1)(20260810-123631).pdf",332,3 | 16,• 3 steps: 16 classes
10,"The SEXA Mathematical Framework Unified Recursive Manifold Dynamics, Dimensional Collapse Operators, and Triality-Structured Exciter Geometry — MASTER PEER REVIEW EDITION (1)(20260810-123631).pdf",333,4 | 24,• 4 steps: 24 classes
10,"The SEXA Mathematical Framework Unified Recursive Manifold Dynamics, Dimensional Collapse Operators, and Triality-Structured Exciter Geometry — MASTER PEER REVIEW EDITION (1)(20260810-123631).pdf",334,5 | 32,• 5 steps: 32 classes (complete orbit space)
10,"The SEXA Mathematical Framework Unified Recursive Manifold Dynamics, Dimensional Collapse Operators, and Triality-Structured Exciter Geometry — MASTER PEER REVIEW EDITION (1)(20260810-123631).pdf",336,4 | 3,Initial growth: ~4x per step (3 independent directions + identity)
10,"The SEXA Mathematical Framework Unified Recursive Manifold Dynamics, Dimensional Collapse Operators, and Triality-Structured Exciter Geometry — MASTER PEER REVIEW EDITION (1)(20260810-123631).pdf",342,4,• c = speed of light in 4-D spacetime
10,"The SEXA Mathematical Framework Unified Recursive Manifold Dynamics, Dimensional Collapse Operators, and Triality-Structured Exciter Geometry — MASTER PEER REVIEW EDITION (1)(20260810-123631).pdf",343,2880,• C_Ω = effective speed in 2880-D manifold
10,"The SEXA Mathematical Framework Unified Recursive Manifold Dynamics, Dimensional Collapse Operators, and Triality-Structured Exciter Geometry — MASTER PEER REVIEW EDITION (1)(20260810-123631).pdf",344,2880 | 4 | 26.83,• Ratio: C_Ω/c = √(2880/4) ≈ 26.83
10,"The SEXA Mathematical Framework Unified Recursive Manifold Dynamics, Dimensional Collapse Operators, and Triality-Structured Exciter Geometry — MASTER PEER REVIEW EDITION (1)(20260810-123631).pdf",347,3,through extra dimensions and project to 3-D observable space.
10,"The SEXA Mathematical Framework Unified Recursive Manifold Dynamics, Dimensional Collapse Operators, and Triality-Structured Exciter Geometry — MASTER PEER REVIEW EDITION (1)(20260810-123631).pdf",350,256,Information propagates through full 256-D Clifford algebra space
10,"The SEXA Mathematical Framework Unified Recursive Manifold Dynamics, Dimensional Collapse Operators, and Triality-Structured Exciter Geometry — MASTER PEER REVIEW EDITION (1)(20260810-123631).pdf",351,96,but appears faster when projected to 96-class operational manifold.
10,"The SEXA Mathematical Framework Unified Recursive Manifold Dynamics, Dimensional Collapse Operators, and Triality-Structured Exciter Geometry — MASTER PEER REVIEW EDITION (1)(20260810-123631).pdf",356,26.83 | 18.86 | 1.42 | 2,C_Ω / n̄ ≈ 26.83 / 18.86 ≈ 1.42 ≈ √2
10,"The SEXA Mathematical Framework Unified Recursive Manifold Dynamics, Dimensional Collapse Operators, and Triality-Structured Exciter Geometry — MASTER PEER REVIEW EDITION (1)(20260810-123631).pdf",359,6.77 | 3.96 | 4,C_Ω / 6.77 ≈ 3.96 ≈ 4
10,"The SEXA Mathematical Framework Unified Recursive Manifold Dynamics, Dimensional Collapse Operators, and Triality-Structured Exciter Geometry — MASTER PEER REVIEW EDITION (1)(20260810-123631).pdf",360,4,→ Quaternion factor (4-fold R-symmetry)
10,"The SEXA Mathematical Framework Unified Recursive Manifold Dynamics, Dimensional Collapse Operators, and Triality-Structured Exciter Geometry — MASTER PEER REVIEW EDITION (1)(20260810-123631).pdf",362,720 | 4 | 2880,C_Ω = √(720 × 4) = √2880
10,"The SEXA Mathematical Framework Unified Recursive Manifold Dynamics, Dimensional Collapse Operators, and Triality-Structured Exciter Geometry — MASTER PEER REVIEW EDITION (1)(20260810-123631).pdf",368,4,QUESTION 4: THINNING RATIO Ψ_ℓ/Φ_ℓ²
10,"The SEXA Mathematical Framework Unified Recursive Manifold Dynamics, Dimensional Collapse Operators, and Triality-Structured Exciter Geometry — MASTER PEER REVIEW EDITION (1)(20260810-123631).pdf",373,1,ANSWER: Yes - exponential collapse at rate ≈ 1/e per major scale
10,"The SEXA Mathematical Framework Unified Recursive Manifold Dynamics, Dimensional Collapse Operators, and Triality-Structured Exciter Geometry — MASTER PEER REVIEW EDITION (1)(20260810-123631).pdf",376,1 | 2880 | 4 | 0.000348,Exponent: 1/(2880-4) ≈ 0.000348
10,"The SEXA Mathematical Framework Unified Recursive Manifold Dynamics, Dimensional Collapse Operators, and Triality-Structured Exciter Geometry — MASTER PEER REVIEW EDITION (1)(20260810-123631).pdf",377,5 | 2880,Product: ∏(ℓ=5 to 2880) Ψ_ℓ/Φ_ℓ²
10,"The SEXA Mathematical Framework Unified Recursive Manifold Dynamics, Dimensional Collapse Operators, and Triality-Structured Exciter Geometry — MASTER PEER REVIEW EDITION (1)(20260810-123631).pdf",379,2876,This describes thinning across ~2876 dimensional scales
10,"The SEXA Mathematical Framework Unified Recursive Manifold Dynamics, Dimensional Collapse Operators, and Triality-Structured Exciter Geometry — MASTER PEER REVIEW EDITION (1)(20260810-123631).pdf",382,0 | 256 | 0 | 7,"Scale 0: 256-D (Clifford algebra Cl(0,7))"
10,"The SEXA Mathematical Framework Unified Recursive Manifold Dynamics, Dimensional Collapse Operators, and Triality-Structured Exciter Geometry — MASTER PEER REVIEW EDITION (1)(20260810-123631).pdf",383,0.375 | 1 | 1,↓ ratio = 0.375 ≈ 1/e ≈ 1/φ²
10,"The SEXA Mathematical Framework Unified Recursive Manifold Dynamics, Dimensional Collapse Operators, and Triality-Structured Exciter Geometry — MASTER PEER REVIEW EDITION (1)(20260810-123631).pdf",384,1 | 96 | 1,Scale 1: 96 classes (rank-1 basis)
10,"The SEXA Mathematical Framework Unified Recursive Manifold Dynamics, Dimensional Collapse Operators, and Triality-Structured Exciter Geometry — MASTER PEER REVIEW EDITION (1)(20260810-123631).pdf",385,0.333 | 1 | 3,↓ ratio = 0.333 ≈ 1/3
10,"The SEXA Mathematical Framework Unified Recursive Manifold Dynamics, Dimensional Collapse Operators, and Triality-Structured Exciter Geometry — MASTER PEER REVIEW EDITION (1)(20260810-123631).pdf",386,2 | 32 | 5,Scale 2: 32 orbits (5-D coordinates)
10,"The SEXA Mathematical Framework Unified Recursive Manifold Dynamics, Dimensional Collapse Operators, and Triality-Structured Exciter Geometry — MASTER PEER REVIEW EDITION (1)(20260810-123631).pdf",387,0.219,↓ ratio = 0.219
10,"The SEXA Mathematical Framework Unified Recursive Manifold Dynamics, Dimensional Collapse Operators, and Triality-Structured Exciter Geometry — MASTER PEER REVIEW EDITION (1)(20260810-123631).pdf",388,3 | 7,Scale 3: 7 generators (operational)
10,"The SEXA Mathematical Framework Unified Recursive Manifold Dynamics, Dimensional Collapse Operators, and Triality-Structured Exciter Geometry — MASTER PEER REVIEW EDITION (1)(20260810-123631).pdf",389,0.429,↓ ratio = 0.429
10,"The SEXA Mathematical Framework Unified Recursive Manifold Dynamics, Dimensional Collapse Operators, and Triality-Structured Exciter Geometry — MASTER PEER REVIEW EDITION (1)(20260810-123631).pdf",390,4 | 3,"Scale 4: 3 transforms (R,T,M axes)"
10,"The SEXA Mathematical Framework Unified Recursive Manifold Dynamics, Dimensional Collapse Operators, and Triality-Structured Exciter Geometry — MASTER PEER REVIEW EDITION (1)(20260810-123631).pdf",391,0.333 | 1 | 3,↓ ratio = 0.333 ≈ 1/3
10,"The SEXA Mathematical Framework Unified Recursive Manifold Dynamics, Dimensional Collapse Operators, and Triality-Structured Exciter Geometry — MASTER PEER REVIEW EDITION (1)(20260810-123631).pdf",392,5 | 1,Scale 5: 1 result (evaluation)
10,"The SEXA Mathematical Framework Unified Recursive Manifold Dynamics, Dimensional Collapse Operators, and Triality-Structured Exciter Geometry — MASTER PEER REVIEW EDITION (1)(20260810-123631).pdf",394,0.330,Geometric mean reduction: 0.330 per scale
10,"The SEXA Mathematical Framework Unified Recursive Manifold Dynamics, Dimensional Collapse Operators, and Triality-Structured Exciter Geometry — MASTER PEER REVIEW EDITION (1)(20260810-123631).pdf",395,256 | 1 | 256,Overall: 256 → 1 (factor of 256)
10,"The SEXA Mathematical Framework Unified Recursive Manifold Dynamics, Dimensional Collapse Operators, and Triality-Structured Exciter Geometry — MASTER PEER REVIEW EDITION (1)(20260810-123631).pdf",398,256 | 96 | 0.375,The first reduction 256 → 96 gives ratio 0.375
10,"The SEXA Mathematical Framework Unified Recursive Manifold Dynamics, Dimensional Collapse Operators, and Triality-Structured Exciter Geometry — MASTER PEER REVIEW EDITION (1)(20260810-123631).pdf",401,1 | 0.368,• 1/e ≈ 0.368 (exponential decay)
10,"The SEXA Mathematical Framework Unified Recursive Manifold Dynamics, Dimensional Collapse Operators, and Triality-Structured Exciter Geometry — MASTER PEER REVIEW EDITION (1)(20260810-123631).pdf",402,1 | 0.382,• 1/φ² ≈ 0.382 (golden ratio squared)
10,"The SEXA Mathematical Framework Unified Recursive Manifold Dynamics, Dimensional Collapse Operators, and Triality-Structured Exciter Geometry — MASTER PEER REVIEW EDITION (1)(20260810-123631).pdf",403,0.375 | 3 | 8,• Actual: 0.375 = 3/8 (exact rational)
10,"The SEXA Mathematical Framework Unified Recursive Manifold Dynamics, Dimensional Collapse Operators, and Triality-Structured Exciter Geometry — MASTER PEER REVIEW EDITION (1)(20260810-123631).pdf",408,2048,Full Clifford space: 2048 bits total information
10,"The SEXA Mathematical Framework Unified Recursive Manifold Dynamics, Dimensional Collapse Operators, and Triality-Structured Exciter Geometry — MASTER PEER REVIEW EDITION (1)(20260810-123631).pdf",409,96 | 632,Class space (96): 632 bits preserved
10,"The SEXA Mathematical Framework Unified Recursive Manifold Dynamics, Dimensional Collapse Operators, and Triality-Structured Exciter Geometry — MASTER PEER REVIEW EDITION (1)(20260810-123631).pdf",410,30.9%,Information retention: 30.9%
10,"The SEXA Mathematical Framework Unified Recursive Manifold Dynamics, Dimensional Collapse Operators, and Triality-Structured Exciter Geometry — MASTER PEER REVIEW EDITION (1)(20260810-123631).pdf",411,69.1%,Information loss: 69.1%
10,"The SEXA Mathematical Framework Unified Recursive Manifold Dynamics, Dimensional Collapse Operators, and Triality-Structured Exciter Geometry — MASTER PEER REVIEW EDITION (1)(20260810-123631).pdf",413,1.42,Each dimensional reduction loses ~1.42 bits per class
10,"The SEXA Mathematical Framework Unified Recursive Manifold Dynamics, Dimensional Collapse Operators, and Triality-Structured Exciter Geometry — MASTER PEER REVIEW EDITION (1)(20260810-123631).pdf",415,2876,IF SPREAD OVER 2876 SCALES:
10,"The SEXA Mathematical Framework Unified Recursive Manifold Dynamics, Dimensional Collapse Operators, and Triality-Structured Exciter Geometry — MASTER PEER REVIEW EDITION (1)(20260810-123631).pdf",416,256 | 1 | 2876,To achieve 256 → 1 reduction over 2876 steps:
10,"The SEXA Mathematical Framework Unified Recursive Manifold Dynamics, Dimensional Collapse Operators, and Triality-Structured Exciter Geometry — MASTER PEER REVIEW EDITION (1)(20260810-123631).pdf",417,1 | 256 | 1 | 2876 | 0.9981,Per-scale ratio: (1/256)^(1/2876) ≈ 0.9981
10,"The SEXA Mathematical Framework Unified Recursive Manifold Dynamics, Dimensional Collapse Operators, and Triality-Structured Exciter Geometry — MASTER PEER REVIEW EDITION (1)(20260810-123631).pdf",418,-0.00193,Per-scale exponent: -0.00193
10,"The SEXA Mathematical Framework Unified Recursive Manifold Dynamics, Dimensional Collapse Operators, and Triality-Structured Exciter Geometry — MASTER PEER REVIEW EDITION (1)(20260810-123631).pdf",421,3000,But accumulated over ~3000 scales: massive reduction.
10,"The SEXA Mathematical Framework Unified Recursive Manifold Dynamics, Dimensional Collapse Operators, and Triality-Structured Exciter Geometry — MASTER PEER REVIEW EDITION (1)(20260810-123631).pdf",431,1,• How much geometric structure preserved when projecting ℓ → ℓ-1
10,"The SEXA Mathematical Framework Unified Recursive Manifold Dynamics, Dimensional Collapse Operators, and Triality-Structured Exciter Geometry — MASTER PEER REVIEW EDITION (1)(20260810-123631).pdf",433,1 | 2880 | 4,• Exponent 1/(2880-4) ensures proper normalization
10,"The SEXA Mathematical Framework Unified Recursive Manifold Dynamics, Dimensional Collapse Operators, and Triality-Structured Exciter Geometry — MASTER PEER REVIEW EDITION (1)(20260810-123631).pdf",443,2880,SEXA 2880-D full manifold
10,"The SEXA Mathematical Framework Unified Recursive Manifold Dynamics, Dimensional Collapse Operators, and Triality-Structured Exciter Geometry — MASTER PEER REVIEW EDITION (1)(20260810-123631).pdf",445,1,↓ Thinning: ∏ Ψ_ℓ/Φ_ℓ² ≈ (1/e)^n at n major scales
10,"The SEXA Mathematical Framework Unified Recursive Manifold Dynamics, Dimensional Collapse Operators, and Triality-Structured Exciter Geometry — MASTER PEER REVIEW EDITION (1)(20260810-123631).pdf",447,8 | 0,CCT 8-D spinor space ←→ Sigmatics ℓ ∈ {0..7} (octonion coords)
10,"The SEXA Mathematical Framework Unified Recursive Manifold Dynamics, Dimensional Collapse Operators, and Triality-Structured Exciter Geometry — MASTER PEER REVIEW EDITION (1)(20260810-123631).pdf",449,8 | 4,↓ Spinor projection via R-transform mixing (8 quaternionic 4-cycles)
10,"The SEXA Mathematical Framework Unified Recursive Manifold Dynamics, Dimensional Collapse Operators, and Triality-Structured Exciter Geometry — MASTER PEER REVIEW EDITION (1)(20260810-123631).pdf",451,5 | 32 | 32 | 5,SEXA 5-D exciter ←→ Sigmatics 32 triality orbits (log₂(32) = 5)
10,"The SEXA Mathematical Framework Unified Recursive Manifold Dynamics, Dimensional Collapse Operators, and Triality-Structured Exciter Geometry — MASTER PEER REVIEW EDITION (1)(20260810-123631).pdf",453,3,↓ Harmonic averaging via T-transform (period-3 recursion)
10,"The SEXA Mathematical Framework Unified Recursive Manifold Dynamics, Dimensional Collapse Operators, and Triality-Structured Exciter Geometry — MASTER PEER REVIEW EDITION (1)(20260810-123631).pdf",455,3 | 2,"3-D operational ←→ Sigmatics reduced (h₂ mod 2, d, ℓ parity)"
10,"The SEXA Mathematical Framework Unified Recursive Manifold Dynamics, Dimensional Collapse Operators, and Triality-Structured Exciter Geometry — MASTER PEER REVIEW EDITION (1)(20260810-123631).pdf",457,1,1-D result ←→ Single class evaluation
10,"The SEXA Mathematical Framework Unified Recursive Manifold Dynamics, Dimensional Collapse Operators, and Triality-Structured Exciter Geometry — MASTER PEER REVIEW EDITION (1)(20260810-123631).pdf",461,26.83,C_Ω ≈ 26.83      (superluminal propagation factor)
10,"The SEXA Mathematical Framework Unified Recursive Manifold Dynamics, Dimensional Collapse Operators, and Triality-Structured Exciter Geometry — MASTER PEER REVIEW EDITION (1)(20260810-123631).pdf",462,18.86,n̄ ≈ 18.86     (average excitation index)
10,"The SEXA Mathematical Framework Unified Recursive Manifold Dynamics, Dimensional Collapse Operators, and Triality-Structured Exciter Geometry — MASTER PEER REVIEW EDITION (1)(20260810-123631).pdf",463,0.375 | 1,Ψ/Φ² ≈ 0.375 ≈ 1/e (thinning per major scale)
10,"The SEXA Mathematical Framework Unified Recursive Manifold Dynamics, Dimensional Collapse Operators, and Triality-Structured Exciter Geometry — MASTER PEER REVIEW EDITION (1)(20260810-123631).pdf",464,6.77,H(n) ≈ 6.77√n (harmonic resonance pattern)
10,"The SEXA Mathematical Framework Unified Recursive Manifold Dynamics, Dimensional Collapse Operators, and Triality-Structured Exciter Geometry — MASTER PEER REVIEW EDITION (1)(20260810-123631).pdf",468,2,C_Ω / n̄ ≈ √2  (propagation/resonance coupling)
10,"The SEXA Mathematical Framework Unified Recursive Manifold Dynamics, Dimensional Collapse Operators, and Triality-Structured Exciter Geometry — MASTER PEER REVIEW EDITION (1)(20260810-123631).pdf",469,6.77 | 4,C_Ω / 6.77 ≈ 4 (quaternion factor from R-cycles)
10,"The SEXA Mathematical Framework Unified Recursive Manifold Dynamics, Dimensional Collapse Operators, and Triality-Structured Exciter Geometry — MASTER PEER REVIEW EDITION (1)(20260810-123631).pdf",470,2880 | 96 | 30,2880 / 96 = 30 (dimension reduction factor)
10,"The SEXA Mathematical Framework Unified Recursive Manifold Dynamics, Dimensional Collapse Operators, and Triality-Structured Exciter Geometry — MASTER PEER REVIEW EDITION (1)(20260810-123631).pdf",471,256 | 8 | 32,256 / 8 = 32  (Clifford → octonion → orbits)
10,"The SEXA Mathematical Framework Unified Recursive Manifold Dynamics, Dimensional Collapse Operators, and Triality-Structured Exciter Geometry — MASTER PEER REVIEW EDITION (1)(20260810-123631).pdf",477,2880 | 256 | 0 | 7,"2880-D full space               ←→ 256-D Cl(0,7) + extensions"
10,"The SEXA Mathematical Framework Unified Recursive Manifold Dynamics, Dimensional Collapse Operators, and Triality-Structured Exciter Geometry — MASTER PEER REVIEW EDITION (1)(20260810-123631).pdf",478,8 | 0,8-D spinor basis               ←→ ℓ ∈ {0..7} octonion directions
10,"The SEXA Mathematical Framework Unified Recursive Manifold Dynamics, Dimensional Collapse Operators, and Triality-Structured Exciter Geometry — MASTER PEER REVIEW EDITION (1)(20260810-123631).pdf",479,5 | 32 | 2 | 5,5-D exciter coordinates ←→ 32 triality orbits (2^5)
10,"The SEXA Mathematical Framework Unified Recursive Manifold Dynamics, Dimensional Collapse Operators, and Triality-Structured Exciter Geometry — MASTER PEER REVIEW EDITION (1)(20260810-123631).pdf",480,3 | 0 | 1 | 2,"Period-3 harmonic recursion ←→ T-transform (twist d ∈ {0,1,2})"
10,"The SEXA Mathematical Framework Unified Recursive Manifold Dynamics, Dimensional Collapse Operators, and Triality-Structured Exciter Geometry — MASTER PEER REVIEW EDITION (1)(20260810-123631).pdf",481,8 | 3 | 8 | 4,Spinor projection (8→3) ←→ R-mixing (8 quaternion 4-cycles)
10,"The SEXA Mathematical Framework Unified Recursive Manifold Dynamics, Dimensional Collapse Operators, and Triality-Structured Exciter Geometry — MASTER PEER REVIEW EDITION (1)(20260810-123631).pdf",484,1,Thinning ratio Ψ_ℓ/Φ_ℓ² ←→ Geometric reduction ≈ 1/e
10,"The SEXA Mathematical Framework Unified Recursive Manifold Dynamics, Dimensional Collapse Operators, and Triality-Structured Exciter Geometry — MASTER PEER REVIEW EDITION (1)(20260810-123631).pdf",485,60,60^n̄ scaling               ←→ Resonance amplification factor
10,"The SEXA Mathematical Framework Unified Recursive Manifold Dynamics, Dimensional Collapse Operators, and Triality-Structured Exciter Geometry — MASTER PEER REVIEW EDITION (1)(20260810-123631).pdf",486,2880,"V_Trump^(2880)(t,φ)               ←→ Effective outward expansion dynamics"
10,"The SEXA Mathematical Framework Unified Recursive Manifold Dynamics, Dimensional Collapse Operators, and Triality-Structured Exciter Geometry — MASTER PEER REVIEW EDITION (1)(20260810-123631).pdf",496,1 | 5 | 32 | 32 | 5,1. The 5-D exciter space IS the 32 triality orbit structure (log₂(32) = 5)
10,"The SEXA Mathematical Framework Unified Recursive Manifold Dynamics, Dimensional Collapse Operators, and Triality-Structured Exciter Geometry — MASTER PEER REVIEW EDITION (1)(20260810-123631).pdf",498,2 | 8 | 3,2. The 8-D→3-D spinor projection IS the R-transform quaternionic mixing
10,"The SEXA Mathematical Framework Unified Recursive Manifold Dynamics, Dimensional Collapse Operators, and Triality-Structured Exciter Geometry — MASTER PEER REVIEW EDITION (1)(20260810-123631).pdf",500,3 | 3,3. Harmonic recursion IS the period-3 T-transform triality cycling
10,"The SEXA Mathematical Framework Unified Recursive Manifold Dynamics, Dimensional Collapse Operators, and Triality-Structured Exciter Geometry — MASTER PEER REVIEW EDITION (1)(20260810-123631).pdf",502,4 | 26.83 | 2880 | 4,4. The Empire Wave Constant C_Ω ≈ 26.83 = √(2880/4) emerges from
10,"The SEXA Mathematical Framework Unified Recursive Manifold Dynamics, Dimensional Collapse Operators, and Triality-Structured Exciter Geometry — MASTER PEER REVIEW EDITION (1)(20260810-123631).pdf",505,5 | 18.86,5. The excitation index n̄ ≈ 18.86 measures harmonic mean resonance
10,"The SEXA Mathematical Framework Unified Recursive Manifold Dynamics, Dimensional Collapse Operators, and Triality-Structured Exciter Geometry — MASTER PEER REVIEW EDITION (1)(20260810-123631).pdf",508,6 | 0.375 | 1,6. The thinning ratio Ψ/Φ² ≈ 0.375 ≈ 1/e represents exponential
10,"The SEXA Mathematical Framework Unified Recursive Manifold Dynamics, Dimensional Collapse Operators, and Triality-Structured Exciter Geometry — MASTER PEER REVIEW EDITION (1)(20260810-123631).pdf",513,96,"The 96-class structure emerges as the natural ""operational manifold"""
10,"The SEXA Mathematical Framework Unified Recursive Manifold Dynamics, Dimensional Collapse Operators, and Triality-Structured Exciter Geometry — MASTER PEER REVIEW EDITION (1)(20260810-123631).pdf",522,8 | 3,Jered McClain's insight about linking CCT's 8-D→3-D spinor projection
10,"The SEXA Mathematical Framework Unified Recursive Manifold Dynamics, Dimensional Collapse Operators, and Triality-Structured Exciter Geometry — MASTER PEER REVIEW EDITION (1)(20260810-123631).pdf",523,5,to SEXA's 5-D exciter recursion through harmonic averaging is not only
10,"The SEXA Mathematical Framework Unified Recursive Manifold Dynamics, Dimensional Collapse Operators, and Triality-Structured Exciter Geometry — MASTER PEER REVIEW EDITION (1)(20260810-123631).pdf",526,3,The discrete period-3 triality structure (T-transform)
10,"The SEXA Mathematical Framework Unified Recursive Manifold Dynamics, Dimensional Collapse Operators, and Triality-Structured Exciter Geometry — MASTER PEER REVIEW EDITION (1)(20260810-123631).pdf",529,8,while the continuous quaternionic R-mixing (8 four-cycles)
10,"The SEXA Mathematical Framework Unified Recursive Manifold Dynamics, Dimensional Collapse Operators, and Triality-Structured Exciter Geometry — MASTER PEER REVIEW EDITION (1)(20260810-123631).pdf",532,32 | 2 | 5,all embedded in the 32 = 2^5 orbit space
10,"The SEXA Mathematical Framework Unified Recursive Manifold Dynamics, Dimensional Collapse Operators, and Triality-Structured Exciter Geometry — MASTER PEER REVIEW EDITION (1)(20260810-123631).pdf",533,5,that defines the 5-dimensional exciter coordinates.
11,THELAS~1(5).PDF,6,2026,Jered McClain¹ · Erydir Ceisiwr² 2026©
11,THELAS~1(5).PDF,10,0009 | 0005 | 6185 | 3749,ORCID: 0009-0005-6185-3749
11,THELAS~1(5).PDF,13,0009 | 0004 | 4577 | 5253,ORCID: 0009-0004-4577-5253
11,THELAS~1(5).PDF,36,1,Title Page ...................................................... 1
11,THELAS~1(5).PDF,37,1 | 2,Table of Contents ............................................... 1–2
11,THELAS~1(5).PDF,38,3,Beyond the Speed of Light: The Math of Recursive Propagation .... 3
11,THELAS~1(5).PDF,40,4,Abstract ........................................................ 4
11,THELAS~1(5).PDF,42,1 | 4 | 8,1. Introduction ................................................ 4–8
11,THELAS~1(5).PDF,43,1.1 | 6,1.1 Motivation ................................................. 6
11,THELAS~1(5).PDF,44,1.2 | 7,1.2 Principal Contributions .................................... 7
11,THELAS~1(5).PDF,45,1.3 | 8,1.3 Scope ...................................................... 8
11,THELAS~1(5).PDF,46,1.4 | 8,1.4 Organization of the Paper ................................. 8
11,THELAS~1(5).PDF,48,2 | 9 | 13,2. Mathematical Foundations .................................... 9–13
11,THELAS~1(5).PDF,49,2.1 | 9,2.1 Primitive Mathematical Objects ............................. 9
11,THELAS~1(5).PDF,50,2.2 | 11,2.2 Recursive Admissibility ................................... 11
11,THELAS~1(5).PDF,52,2.3 | 12,2.3 Recursive Closure ......................................... 12
11,THELAS~1(5).PDF,53,2.4 | 12,2.4 Computational Correspondence .............................. 12
11,THELAS~1(5).PDF,54,2.5 | 12,2.5 Dimensional Closure ....................................... 12
11,THELAS~1(5).PDF,55,2.6 | 13,2.6 Recursive Propagation Functional ......................... 13
11,THELAS~1(5).PDF,57,3 | 13 | 16,3. Axiomatic Structure ........................................ 13–16
11,THELAS~1(5).PDF,59,4 | 16 | 17,4. Preliminary Lemmas ......................................... 16–17
11,THELAS~1(5).PDF,61,5 | 17 | 23,5. Principal Theorems and Proof Obligations ................... 17–23
11,THELAS~1(5).PDF,62,5.1 | 18,5.1 Existence of the Recursive Propagation Functional ......... 18
11,THELAS~1(5).PDF,63,5.2 | 18,5.2 Uniqueness of the Recursive Propagation Functional ........ 18
11,THELAS~1(5).PDF,64,5.3 | 19,5.3 Bounded Recursive Amplification ........................... 19
11,THELAS~1(5).PDF,65,5.4 | 19,5.4 Higher-Dimensional Transport .............................. 19
11,THELAS~1(5).PDF,66,5.5 | 19,5.5 Computational Correspondence .............................. 19
11,THELAS~1(5).PDF,67,5.6 | 20 | 23,5.6 Relativistic Horizon Structure ............................ 20–23
11,THELAS~1(5).PDF,69,6 | 23 | 26,6. Generalized Recursive Propagation Functional ............... 23–26
11,THELAS~1(5).PDF,70,6.1 | 23,6.1 Derivation ................................................ 23
11,THELAS~1(5).PDF,71,6.2 | 23,6.2 Structural Interpretation ................................ 23
11,THELAS~1(5).PDF,72,6.3 | 25,6.3 Limiting Behavior ......................................... 25
11,THELAS~1(5).PDF,73,6.4 | 26,6.4 Dimensional Reduction ..................................... 26
11,THELAS~1(5).PDF,75,7 | 26 | 30,7. Numerical Evaluation and Computational Correspondence ...... 26–30
11,THELAS~1(5).PDF,76,7.1 | 26,7.1 Introduction .............................................. 26
11,THELAS~1(5).PDF,77,7.2 | 27,7.2 Computational Evaluation Algorithm ........................ 27
11,THELAS~1(5).PDF,78,7.3 | 28,7.3 Computational Complexity .................................. 28
11,THELAS~1(5).PDF,79,7.4 | 28,7.4 Numerical Stability ....................................... 28
11,THELAS~1(5).PDF,80,7.5 | 29,7.5 Recursive Scaling Behavior ................................ 29
11,THELAS~1(5).PDF,81,7.6 | 29,7.6 Computational Correspondence Verification ................. 29
11,THELAS~1(5).PDF,82,7.7 | 30,7.7 Numerical Reproduction Requirements ....................... 30
11,THELAS~1(5).PDF,83,7.8 | 30,7.8 Computational Summary ..................................... 30
11,THELAS~1(5).PDF,85,8 | 30 | 32,"8. Falsifiability, Failure Conditions, and Non-Admissible Regimes ... 30–32"
11,THELAS~1(5).PDF,86,8.1 | 30,8.1 Purpose ................................................... 30
11,THELAS~1(5).PDF,87,8.2 | 31,8.2 Primary Failure Conditions ................................ 31
11,THELAS~1(5).PDF,88,8.3 | 31,8.3 Non-Admissible Propagation ................................. 31
11,THELAS~1(5).PDF,89,8.4 | 31,8.4 Falsifiability Criteria ................................... 31
11,THELAS~1(5).PDF,90,8.5 | 32,8.5 Experimental Boundary ..................................... 32
11,THELAS~1(5).PDF,91,8.6 | 32,8.6 Falsifiability Summary .................................... 32
11,THELAS~1(5).PDF,93,9 | 32 | 34,9. Discussion .................................................. 32–34
11,THELAS~1(5).PDF,94,9.1 | 32,9.1 Mathematical Significance ................................. 32
11,THELAS~1(5).PDF,95,9.2 | 33,9.2 Relationship to Previous SEXA Results ..................... 33
11,THELAS~1(5).PDF,96,9.3 | 33,9.3 Recursive Interpretation .................................. 33
11,THELAS~1(5).PDF,97,9.4 | 33,9.4 Computational Implications ................................ 33
11,THELAS~1(5).PDF,98,9.5 | 33,9.5 Limitations ............................................... 33
11,THELAS~1(5).PDF,99,9.6 | 34,9.6 Future Research ........................................... 34
11,THELAS~1(5).PDF,101,10 | 34 | 35,10. Conclusion ................................................. 34–35
11,THELAS~1(5).PDF,103,35 | 38,Appendix A: Mathematical Notation and Symbol Definitions ....... 35–38
11,THELAS~1(5).PDF,104,38 | 41,Appendix B: Logical Dependency Graph ........................... 38–41
11,THELAS~1(5).PDF,105,41 | 44,Appendix C: Formal Proof Verification Checklist ................ 41–44
11,THELAS~1(5).PDF,106,44 | 47,"Appendix D: Internal Consistency, Completeness, and Structural Integrity Audit ... 44–47"
11,THELAS~1(5).PDF,107,48 | 54,Appendix E: Derivation Bridge from the Existing SEXA Framework to the Recursive Propagation Functional ... 48–54
11,THELAS~1(5).PDF,108,54 | 55,"Appendix F: Mathematical Postulates, Open Problems, and Future Theorem Program ... 54–55"
11,THELAS~1(5).PDF,110,56 | 57,References ..................................................... 56–57
11,THELAS~1(5).PDF,146,1,1. Introduction
11,THELAS~1(5).PDF,181,2880,"recursively structured 2880-dimensional manifold, dimensional thinning operators, recursive admissibility,"
11,THELAS~1(5).PDF,233,1.1,1.1 Motivation
11,THELAS~1(5).PDF,265,1.2,1.2 Principal Contributions
11,THELAS~1(5).PDF,318,1.3,1.3 Scope
11,THELAS~1(5).PDF,333,1.4,1.4 Organization of the Paper
11,THELAS~1(5).PDF,336,2,"Section 2 introduces the primitive mathematical objects, recursive operators, admissibility conditions, and notation"
11,THELAS~1(5).PDF,339,3,Section 3 establishes the axiomatic structure governing recursive manifold organization and dimensional inheritance.
11,THELAS~1(5).PDF,341,4,"Section 4 develops the lemmas necessary to characterize recursive propagation, computational correspondence, harmonic"
11,THELAS~1(5).PDF,344,5,"Section 5 presents the principal theorem-grade proofs concerning recursive propagation, higher-dimensional transport, dimensional"
11,THELAS~1(5).PDF,347,6,Section 6 derives the generalized propagation functional and analyzes its limiting behavior under recursive manifold reduction.
11,THELAS~1(5).PDF,349,7,"Section 7 discusses corollaries, computational implications, explicit failure conditions, and relationships to future computational and"
11,THELAS~1(5).PDF,352,8,"Section 8 concludes by summarizing the mathematical contributions and identifying future directions for theorem verification,"
11,THELAS~1(5).PDF,358,2,2. Mathematical Foundations
11,THELAS~1(5).PDF,394,10,10. Conclusion
11,THELAS~1(5).PDF,588,1,1.​ Definition of the five-dimensional operational manifold.
11,THELAS~1(5).PDF,589,2,2.​ Recursive extension through the admissible dimensional hierarchy.
11,THELAS~1(5).PDF,590,3,3.​ Construction of recursively admissible excitation amplitudes.
11,THELAS~1(5).PDF,591,4,4.​ Definition of recursive phase potentials.
11,THELAS~1(5).PDF,592,5,5.​ Formation of the admissibility-preserving dimensional thinning ratio.
11,THELAS~1(5).PDF,593,6,6.​ Construction of the cumulative recursive thinning product.
11,THELAS~1(5).PDF,594,7,7.​ Geometric normalization of recursive dimensional growth.
11,THELAS~1(5).PDF,595,8,8.​ Recursive harmonic averaging through the sexagesimal hierarchy.
11,THELAS~1(5).PDF,596,9,9.​ Empire Wave normalization.
11,THELAS~1(5).PDF,597,10,10.​ Assembly of the generalized recursive propagation functional.
11,THELAS~1(5).PDF,610,1687,"Newton, I. Philosophiæ Naturalis Principia Mathematica (1687). https://archive.org/details/newtonprincipia"
11,THELAS~1(5).PDF,612,1873,"Maxwell, J. C. A Treatise on Electricity and Magnetism (1873). https://archive.org/details/treatiseonelectr01maxw"
11,THELAS~1(5).PDF,614,1915,"Hilbert, D. The Foundations of Physics (1915)."
11,THELAS~1(5).PDF,616,1916,"Einstein, A. The Foundation of the General Theory of Relativity (1916)."
11,THELAS~1(5).PDF,617,158,https://einsteinpapers.press.princeton.edu/vol6-trans/158
11,THELAS~1(5).PDF,619,1918 | 0503066,"Noether, E. Invariant Variation Problems (1918). https://arxiv.org/abs/physics/0503066"
11,THELAS~1(5).PDF,621,1930,"Dirac, P. A. M. The Principles of Quantum Mechanics (1930). https://archive.org/details/principlesofquan0000dira"
11,THELAS~1(5).PDF,623,1932,"von Neumann, J. Mathematical Foundations of Quantum Mechanics (1932)."
11,THELAS~1(5).PDF,624,9780691028934,https://press.princeton.edu/books/hardcover/9780691028934/mathematical-foundations-of-quantum-mechanics
11,THELAS~1(5).PDF,626,2 | 10.1007 | 978 | 1 | 4419 | 9982 | 5,"Lee, J. M. Introduction to Smooth Manifolds (2nd Edition). https://link.springer.com/book/10.1007/978-1-4419-9982-5"
11,THELAS~1(5).PDF,629,9780750306065,https://www.routledge.com/Geometry-Topology-and-Physics/Nakahara/p/book/9780750306065
11,THELAS~1(5).PDF,631,9780198505495,"Penrose, R. The Road to Reality. https://global.oup.com/academic/product/the-road-to-reality-9780198505495"
11,THELAS~1(5).PDF,637,10.24297,https://doi.org/10.24297/jam.v25i.9880
11,THELAS~1(5).PDF,640,10.24297,Mathematics. https://doi.org/10.24297/jam.v25i.9887
11,THELAS~1(5).PDF,644,2880 | 10.24297,2880-Dimensional Manifold. Journal of Advances in Mathematics. https://doi.org/10.24297/jam.v25i.9896
11,THELAS~1(5).PDF,647,10.5281,Non-Commutative Constraint Chains. https://doi.org/10.5281/zenodo.19698748
11,THELAS~1(5).PDF,650,10.5281,Financial Signals. https://doi.org/10.5281/zenodo.19681939
11,THELAS~1(5).PDF,653,10.5281,Regime Transitions. https://doi.org/10.5281/zenodo.19560822
11,THELAS~1(5).PDF,656,10.5281,Real-Time Market Evaluation. https://doi.org/10.5281/zenodo.19423232
11,THELAS~1(5).PDF,659,10.5281,https://doi.org/10.5281/zenodo.19387116
11,THELAS~1(5).PDF,663,10.5281,https://doi.org/10.5281/zenodo.19632818
11,THELAS~1(5).PDF,670,9780262046305,https://mitpress.mit.edu/9780262046305/introduction-to-algorithms
12,"The Horizon Constant and Resolution Paradox (Ω₂₈₈₀) Recursive Discrete Geometry, Perceptual Continuity, and the Emergence of Curved Manifolds from Finite Structures.... (3)(3).pdf",5,2026,2026
12,"The Horizon Constant and Resolution Paradox (Ω₂₈₈₀) Recursive Discrete Geometry, Perceptual Continuity, and the Emergence of Curved Manifolds from Finite Structures.... (3)(3).pdf",9,0009 | 0005 | 6185 | 3749,Jered McClain ORCID 0009-0005-6185-3749
12,"The Horizon Constant and Resolution Paradox (Ω₂₈₈₀) Recursive Discrete Geometry, Perceptual Continuity, and the Emergence of Curved Manifolds from Finite Structures.... (3)(3).pdf",15,0009 | 0004 | 4577 | 5253,Erydir Ceisiwr (The Awen Grid) ORCID 0009-0004-4577-5253
12,"The Horizon Constant and Resolution Paradox (Ω₂₈₈₀) Recursive Discrete Geometry, Perceptual Continuity, and the Emergence of Curved Manifolds from Finite Structures.... (3)(3).pdf",27,2,Abstract ........................................................................ 2
12,"The Horizon Constant and Resolution Paradox (Ω₂₈₈₀) Recursive Discrete Geometry, Perceptual Continuity, and the Emergence of Curved Manifolds from Finite Structures.... (3)(3).pdf",29,1 | 4,1.​ Introduction .................................................................. 4
12,"The Horizon Constant and Resolution Paradox (Ω₂₈₈₀) Recursive Discrete Geometry, Perceptual Continuity, and the Emergence of Curved Manifolds from Finite Structures.... (3)(3).pdf",30,2 | 5 | 5,2.​ Remedial SEXA 5D Exercise: The Rubik's Cube .............................. 5
12,"The Horizon Constant and Resolution Paradox (Ω₂₈₈₀) Recursive Discrete Geometry, Perceptual Continuity, and the Emergence of Curved Manifolds from Finite Structures.... (3)(3).pdf",31,3 | 9,3.​ The Resolution Paradox .................................................... 9
12,"The Horizon Constant and Resolution Paradox (Ω₂₈₈₀) Recursive Discrete Geometry, Perceptual Continuity, and the Emergence of Curved Manifolds from Finite Structures.... (3)(3).pdf",32,4 | 14,4.​ The Horizon Constant (Ω₂₈₈₀) ............................................. 14
12,"The Horizon Constant and Resolution Paradox (Ω₂₈₈₀) Recursive Discrete Geometry, Perceptual Continuity, and the Emergence of Curved Manifolds from Finite Structures.... (3)(3).pdf",33,5 | 19,5.​ From the Rubik's Cube to Space-Time ...................................... 19
12,"The Horizon Constant and Resolution Paradox (Ω₂₈₈₀) Recursive Discrete Geometry, Perceptual Continuity, and the Emergence of Curved Manifolds from Finite Structures.... (3)(3).pdf",34,6 | 20,6.​ The Skeleton Hypothesis .................................................. 20
12,"The Horizon Constant and Resolution Paradox (Ω₂₈₈₀) Recursive Discrete Geometry, Perceptual Continuity, and the Emergence of Curved Manifolds from Finite Structures.... (3)(3).pdf",35,7 | 25,7.​ Admissibility and the Construction of Continuity ......................... 25
12,"The Horizon Constant and Resolution Paradox (Ω₂₈₈₀) Recursive Discrete Geometry, Perceptual Continuity, and the Emergence of Curved Manifolds from Finite Structures.... (3)(3).pdf",36,8 | 31,8.​ The Observer and the Construction of Reality ............................. 31
12,"The Horizon Constant and Resolution Paradox (Ω₂₈₈₀) Recursive Discrete Geometry, Perceptual Continuity, and the Emergence of Curved Manifolds from Finite Structures.... (3)(3).pdf",37,9 | 37,9.​ Conclusion: The Horizon View of Reality ................................. 37
12,"The Horizon Constant and Resolution Paradox (Ω₂₈₈₀) Recursive Discrete Geometry, Perceptual Continuity, and the Emergence of Curved Manifolds from Finite Structures.... (3)(3).pdf",38,10 | 38,10.​ Formal Statement of the Resolution Paradox ............................. 38
12,"The Horizon Constant and Resolution Paradox (Ω₂₈₈₀) Recursive Discrete Geometry, Perceptual Continuity, and the Emergence of Curved Manifolds from Finite Structures.... (3)(3).pdf",39,11,"11.​ The Rubik's Cube, the Dodecahedron, and the Emergence of Apparent Spheres .........................42"
12,"The Horizon Constant and Resolution Paradox (Ω₂₈₈₀) Recursive Discrete Geometry, Perceptual Continuity, and the Emergence of Curved Manifolds from Finite Structures.... (3)(3).pdf",40,12 | 47,"12.​ Manifolds, Space-Time, and the Great Geometric Inversion ............... 47"
12,"The Horizon Constant and Resolution Paradox (Ω₂₈₈₀) Recursive Discrete Geometry, Perceptual Continuity, and the Emergence of Curved Manifolds from Finite Structures.... (3)(3).pdf",41,13 | 53,13.​      The Horizon Framework ................................................... 53
12,"The Horizon Constant and Resolution Paradox (Ω₂₈₈₀) Recursive Discrete Geometry, Perceptual Continuity, and the Emergence of Curved Manifolds from Finite Structures.... (3)(3).pdf",42,14 | 55,14.​      Predictions and Falsifiability .......................................... 55
12,"The Horizon Constant and Resolution Paradox (Ω₂₈₈₀) Recursive Discrete Geometry, Perceptual Continuity, and the Emergence of Curved Manifolds from Finite Structures.... (3)(3).pdf",43,15 | 59,15.​      Discussion .............................................................. 59
12,"The Horizon Constant and Resolution Paradox (Ω₂₈₈₀) Recursive Discrete Geometry, Perceptual Continuity, and the Emergence of Curved Manifolds from Finite Structures.... (3)(3).pdf",44,16 | 60,16.​      Final Statement ......................................................... 60
12,"The Horizon Constant and Resolution Paradox (Ω₂₈₈₀) Recursive Discrete Geometry, Perceptual Continuity, and the Emergence of Curved Manifolds from Finite Structures.... (3)(3).pdf",45,17 | 61,17.​      Future Research Program ................................................. 61
12,"The Horizon Constant and Resolution Paradox (Ω₂₈₈₀) Recursive Discrete Geometry, Perceptual Continuity, and the Emergence of Curved Manifolds from Finite Structures.... (3)(3).pdf",46,18 | 64,18.​      The Horizon Postulate ................................................... 64
12,"The Horizon Constant and Resolution Paradox (Ω₂₈₈₀) Recursive Discrete Geometry, Perceptual Continuity, and the Emergence of Curved Manifolds from Finite Structures.... (3)(3).pdf",47,19 | 65,19.​      Closing Remarks ......................................................... 65
12,"The Horizon Constant and Resolution Paradox (Ω₂₈₈₀) Recursive Discrete Geometry, Perceptual Continuity, and the Emergence of Curved Manifolds from Finite Structures.... (3)(3).pdf",48,20 | 66,20.​      The SEXA Connection ..................................................... 66
12,"The Horizon Constant and Resolution Paradox (Ω₂₈₈₀) Recursive Discrete Geometry, Perceptual Continuity, and the Emergence of Curved Manifolds from Finite Structures.... (3)(3).pdf",49,21 | 69,21.​      Horizon Emergence Theorem ............................................... 69
12,"The Horizon Constant and Resolution Paradox (Ω₂₈₈₀) Recursive Discrete Geometry, Perceptual Continuity, and the Emergence of Curved Manifolds from Finite Structures.... (3)(3).pdf",51,70,Appendix A — Horizon Framework Mind Map .................................... 70
12,"The Horizon Constant and Resolution Paradox (Ω₂₈₈₀) Recursive Discrete Geometry, Perceptual Continuity, and the Emergence of Curved Manifolds from Finite Structures.... (3)(3).pdf",54,71,References .................................................................. 71
12,"The Horizon Constant and Resolution Paradox (Ω₂₈₈₀) Recursive Discrete Geometry, Perceptual Continuity, and the Emergence of Curved Manifolds from Finite Structures.... (3)(3).pdf",57,72,Figure Credits .............................................................. 72
12,"The Horizon Constant and Resolution Paradox (Ω₂₈₈₀) Recursive Discrete Geometry, Perceptual Continuity, and the Emergence of Curved Manifolds from Finite Structures.... (3)(3).pdf",88,1,1. Introduction
12,"The Horizon Constant and Resolution Paradox (Ω₂₈₈₀) Recursive Discrete Geometry, Perceptual Continuity, and the Emergence of Curved Manifolds from Finite Structures.... (3)(3).pdf",120,2880,"framework. Beginning with the foundational value 2880 and extending toward the Horizon Constant Ω₂₈₈₀, we explore"
12,"The Horizon Constant and Resolution Paradox (Ω₂₈₈₀) Recursive Discrete Geometry, Perceptual Continuity, and the Emergence of Curved Manifolds from Finite Structures.... (3)(3).pdf",139,2 | 5,2. Remedial SEXA 5D Exercise: The
12,"The Horizon Constant and Resolution Paradox (Ω₂₈₈₀) Recursive Discrete Geometry, Perceptual Continuity, and the Emergence of Curved Manifolds from Finite Structures.... (3)(3).pdf",180,2 | 5,2. Remedial SEXA 5D Exercise:
12,"The Horizon Constant and Resolution Paradox (Ω₂₈₈₀) Recursive Discrete Geometry, Perceptual Continuity, and the Emergence of Curved Manifolds from Finite Structures.... (3)(3).pdf",222,2.1,2.1 The Cube That Is Not A Cube
12,"The Horizon Constant and Resolution Paradox (Ω₂₈₈₀) Recursive Discrete Geometry, Perceptual Continuity, and the Emergence of Curved Manifolds from Finite Structures.... (3)(3).pdf",249,2.2,2.2 The Sixty-Part Observation
12,"The Horizon Constant and Resolution Paradox (Ω₂₈₈₀) Recursive Discrete Geometry, Perceptual Continuity, and the Emergence of Curved Manifolds from Finite Structures.... (3)(3).pdf",266,2 | 880,"what can 2,880 components produce?"
12,"The Horizon Constant and Resolution Paradox (Ω₂₈₈₀) Recursive Discrete Geometry, Perceptual Continuity, and the Emergence of Curved Manifolds from Finite Structures.... (3)(3).pdf",269,11 | 520,"What can 11,520 components produce?"
12,"The Horizon Constant and Resolution Paradox (Ω₂₈₈₀) Recursive Discrete Geometry, Perceptual Continuity, and the Emergence of Curved Manifolds from Finite Structures.... (3)(3).pdf",272,8 | 294 | 400,"What can 8,294,400 components produce?"
12,"The Horizon Constant and Resolution Paradox (Ω₂₈₈₀) Recursive Discrete Geometry, Perceptual Continuity, and the Emergence of Curved Manifolds from Finite Structures.... (3)(3).pdf",283,3,3. The Resolution Paradox
12,"The Horizon Constant and Resolution Paradox (Ω₂₈₈₀) Recursive Discrete Geometry, Perceptual Continuity, and the Emergence of Curved Manifolds from Finite Structures.... (3)(3).pdf",320,3.1,"3.1 Local Flatness, Global Curvature"
12,"The Horizon Constant and Resolution Paradox (Ω₂₈₈₀) Recursive Discrete Geometry, Perceptual Continuity, and the Emergence of Curved Manifolds from Finite Structures.... (3)(3).pdf",351,3.2,3.2 The Polyhedral Progression
12,"The Horizon Constant and Resolution Paradox (Ω₂₈₈₀) Recursive Discrete Geometry, Perceptual Continuity, and the Emergence of Curved Manifolds from Finite Structures.... (3)(3).pdf",355,1,Stage 1 — Cube
12,"The Horizon Constant and Resolution Paradox (Ω₂₈₈₀) Recursive Discrete Geometry, Perceptual Continuity, and the Emergence of Curved Manifolds from Finite Structures.... (3)(3).pdf",356,6,6 faces.
12,"The Horizon Constant and Resolution Paradox (Ω₂₈₈₀) Recursive Discrete Geometry, Perceptual Continuity, and the Emergence of Curved Manifolds from Finite Structures.... (3)(3).pdf",367,2,Stage 2 — Dodecahedron
12,"The Horizon Constant and Resolution Paradox (Ω₂₈₈₀) Recursive Discrete Geometry, Perceptual Continuity, and the Emergence of Curved Manifolds from Finite Structures.... (3)(3).pdf",368,12,12 faces.
12,"The Horizon Constant and Resolution Paradox (Ω₂₈₈₀) Recursive Discrete Geometry, Perceptual Continuity, and the Emergence of Curved Manifolds from Finite Structures.... (3)(3).pdf",379,3,Stage 3 — Icosahedron
12,"The Horizon Constant and Resolution Paradox (Ω₂₈₈₀) Recursive Discrete Geometry, Perceptual Continuity, and the Emergence of Curved Manifolds from Finite Structures.... (3)(3).pdf",380,20,20 faces.
12,"The Horizon Constant and Resolution Paradox (Ω₂₈₈₀) Recursive Discrete Geometry, Perceptual Continuity, and the Emergence of Curved Manifolds from Finite Structures.... (3)(3).pdf",391,4,Stage 4 — Recursive Subdivision
12,"The Horizon Constant and Resolution Paradox (Ω₂₈₈₀) Recursive Discrete Geometry, Perceptual Continuity, and the Emergence of Curved Manifolds from Finite Structures.... (3)(3).pdf",394,20,20 faces become hundreds.
12,"The Horizon Constant and Resolution Paradox (Ω₂₈₈₀) Recursive Discrete Geometry, Perceptual Continuity, and the Emergence of Curved Manifolds from Finite Structures.... (3)(3).pdf",409,5,Stage 5 — Horizon Behavior
12,"The Horizon Constant and Resolution Paradox (Ω₂₈₈₀) Recursive Discrete Geometry, Perceptual Continuity, and the Emergence of Curved Manifolds from Finite Structures.... (3)(3).pdf",424,3.3,3.3 The Failure of Intuition
12,"The Horizon Constant and Resolution Paradox (Ω₂₈₈₀) Recursive Discrete Geometry, Perceptual Continuity, and the Emergence of Curved Manifolds from Finite Structures.... (3)(3).pdf",446,3.4,3.4 From Rubik's Cubes to Manifolds
12,"The Horizon Constant and Resolution Paradox (Ω₂₈₈₀) Recursive Discrete Geometry, Perceptual Continuity, and the Emergence of Curved Manifolds from Finite Structures.... (3)(3).pdf",524,4.1,4.1 The Horizon Principle
12,"The Horizon Constant and Resolution Paradox (Ω₂₈₈₀) Recursive Discrete Geometry, Perceptual Continuity, and the Emergence of Curved Manifolds from Finite Structures.... (3)(3).pdf",549,4.2,4.2 The Discreteness Continuum
12,"The Horizon Constant and Resolution Paradox (Ω₂₈₈₀) Recursive Discrete Geometry, Perceptual Continuity, and the Emergence of Curved Manifolds from Finite Structures.... (3)(3).pdf",607,4.3,4.3 The Observer Problem
12,"The Horizon Constant and Resolution Paradox (Ω₂₈₈₀) Recursive Discrete Geometry, Perceptual Continuity, and the Emergence of Curved Manifolds from Finite Structures.... (3)(3).pdf",635,4.4,4.4 The Emergence Hypothesis
12,"The Horizon Constant and Resolution Paradox (Ω₂₈₈₀) Recursive Discrete Geometry, Perceptual Continuity, and the Emergence of Curved Manifolds from Finite Structures.... (3)(3).pdf",658,4.5,4.5 Toward a SEXA Interpretation of
12,"The Horizon Constant and Resolution Paradox (Ω₂₈₈₀) Recursive Discrete Geometry, Perceptual Continuity, and the Emergence of Curved Manifolds from Finite Structures.... (3)(3).pdf",691,5,5. From the Rubik's Cube to Space-Time
12,"The Horizon Constant and Resolution Paradox (Ω₂₈₈₀) Recursive Discrete Geometry, Perceptual Continuity, and the Emergence of Curved Manifolds from Finite Structures.... (3)(3).pdf",722,6,6. The Skeleton Hypothesis
12,"The Horizon Constant and Resolution Paradox (Ω₂₈₈₀) Recursive Discrete Geometry, Perceptual Continuity, and the Emergence of Curved Manifolds from Finite Structures.... (3)(3).pdf",762,6.1,6.1 The Problem of Surface Thinking
12,"The Horizon Constant and Resolution Paradox (Ω₂₈₈₀) Recursive Discrete Geometry, Perceptual Continuity, and the Emergence of Curved Manifolds from Finite Structures.... (3)(3).pdf",799,6.2,6.2 The Hidden Geometry Problem
12,"The Horizon Constant and Resolution Paradox (Ω₂₈₈₀) Recursive Discrete Geometry, Perceptual Continuity, and the Emergence of Curved Manifolds from Finite Structures.... (3)(3).pdf",833,6.3,6.3 The Illusion of Simplicity
12,"The Horizon Constant and Resolution Paradox (Ω₂₈₈₀) Recursive Discrete Geometry, Perceptual Continuity, and the Emergence of Curved Manifolds from Finite Structures.... (3)(3).pdf",869,6.4,6.4 Recursive Organization
12,"The Horizon Constant and Resolution Paradox (Ω₂₈₈₀) Recursive Discrete Geometry, Perceptual Continuity, and the Emergence of Curved Manifolds from Finite Structures.... (3)(3).pdf",901,6.5,6.5 Toward the SEXA Skeleton of
12,"The Horizon Constant and Resolution Paradox (Ω₂₈₈₀) Recursive Discrete Geometry, Perceptual Continuity, and the Emergence of Curved Manifolds from Finite Structures.... (3)(3).pdf",946,7,7. Admissibility and the Construction of
12,"The Horizon Constant and Resolution Paradox (Ω₂₈₈₀) Recursive Discrete Geometry, Perceptual Continuity, and the Emergence of Curved Manifolds from Finite Structures.... (3)(3).pdf",950,1,1.​ The Rubik's Cube demonstrates that visible form can emerge from hidden structure.
12,"The Horizon Constant and Resolution Paradox (Ω₂₈₈₀) Recursive Discrete Geometry, Perceptual Continuity, and the Emergence of Curved Manifolds from Finite Structures.... (3)(3).pdf",951,2,2.​ The Resolution Paradox demonstrates that increasing complexity can reduce observable
12,"The Horizon Constant and Resolution Paradox (Ω₂₈₈₀) Recursive Discrete Geometry, Perceptual Continuity, and the Emergence of Curved Manifolds from Finite Structures.... (3)(3).pdf",953,3,3.​ The Horizon Constant identifies the threshold at which discrete organization becomes
12,"The Horizon Constant and Resolution Paradox (Ω₂₈₈₀) Recursive Discrete Geometry, Perceptual Continuity, and the Emergence of Curved Manifolds from Finite Structures.... (3)(3).pdf",981,7.1,7.1 The Difference Between Possibility and
12,"The Horizon Constant and Resolution Paradox (Ω₂₈₈₀) Recursive Discrete Geometry, Perceptual Continuity, and the Emergence of Curved Manifolds from Finite Structures.... (3)(3).pdf",1014,7.2,7.2 The Admissibility Filter
12,"The Horizon Constant and Resolution Paradox (Ω₂₈₈₀) Recursive Discrete Geometry, Perceptual Continuity, and the Emergence of Curved Manifolds from Finite Structures.... (3)(3).pdf",1046,7.3,7.3 The Rubik's Cube Revisited
12,"The Horizon Constant and Resolution Paradox (Ω₂₈₈₀) Recursive Discrete Geometry, Perceptual Continuity, and the Emergence of Curved Manifolds from Finite Structures.... (3)(3).pdf",1072,7.4,7.4 From Components to Manifolds
12,"The Horizon Constant and Resolution Paradox (Ω₂₈₈₀) Recursive Discrete Geometry, Perceptual Continuity, and the Emergence of Curved Manifolds from Finite Structures.... (3)(3).pdf",1102,7.5,7.5 Continuity as a Surviving State
12,"The Horizon Constant and Resolution Paradox (Ω₂₈₈₀) Recursive Discrete Geometry, Perceptual Continuity, and the Emergence of Curved Manifolds from Finite Structures.... (3)(3).pdf",1132,7.6,7.6 The SEXA View of Space-Time
12,"The Horizon Constant and Resolution Paradox (Ω₂₈₈₀) Recursive Discrete Geometry, Perceptual Continuity, and the Emergence of Curved Manifolds from Finite Structures.... (3)(3).pdf",1161,8,8. The Observer and the Construction of
12,"The Horizon Constant and Resolution Paradox (Ω₂₈₈₀) Recursive Discrete Geometry, Perceptual Continuity, and the Emergence of Curved Manifolds from Finite Structures.... (3)(3).pdf",1188,8.1,8.1 The Observer Limitation Principle
12,"The Horizon Constant and Resolution Paradox (Ω₂₈₈₀) Recursive Discrete Geometry, Perceptual Continuity, and the Emergence of Curved Manifolds from Finite Structures.... (3)(3).pdf",1223,8.2,8.2 The Geometry of Ignorance
12,"The Horizon Constant and Resolution Paradox (Ω₂₈₈₀) Recursive Discrete Geometry, Perceptual Continuity, and the Emergence of Curved Manifolds from Finite Structures.... (3)(3).pdf",1252,8.3,8.3 The Great Compression
12,"The Horizon Constant and Resolution Paradox (Ω₂₈₈₀) Recursive Discrete Geometry, Perceptual Continuity, and the Emergence of Curved Manifolds from Finite Structures.... (3)(3).pdf",1285,8.4,8.4 The Resolution Paradox Revisited
12,"The Horizon Constant and Resolution Paradox (Ω₂₈₈₀) Recursive Discrete Geometry, Perceptual Continuity, and the Emergence of Curved Manifolds from Finite Structures.... (3)(3).pdf",1318,8.5,8.5 The Observer Horizon
12,"The Horizon Constant and Resolution Paradox (Ω₂₈₈₀) Recursive Discrete Geometry, Perceptual Continuity, and the Emergence of Curved Manifolds from Finite Structures.... (3)(3).pdf",1346,8.6,8.6 The Rubik's Cube Thought Experiment
12,"The Horizon Constant and Resolution Paradox (Ω₂₈₈₀) Recursive Discrete Geometry, Perceptual Continuity, and the Emergence of Curved Manifolds from Finite Structures.... (3)(3).pdf",1374,9,9. Conclusion: The Horizon View of Reality
12,"The Horizon Constant and Resolution Paradox (Ω₂₈₈₀) Recursive Discrete Geometry, Perceptual Continuity, and the Emergence of Curved Manifolds from Finite Structures.... (3)(3).pdf",1438,11,"11. The Rubik's Cube, the Dodecahedron, and"
12,"The Horizon Constant and Resolution Paradox (Ω₂₈₈₀) Recursive Discrete Geometry, Perceptual Continuity, and the Emergence of Curved Manifolds from Finite Structures.... (3)(3).pdf",1442,1,1.​ Objects may conceal hidden structural frameworks.
12,"The Horizon Constant and Resolution Paradox (Ω₂₈₈₀) Recursive Discrete Geometry, Perceptual Continuity, and the Emergence of Curved Manifolds from Finite Structures.... (3)(3).pdf",1443,2,2.​ Recursive subdivision reduces observable discreteness.
12,"The Horizon Constant and Resolution Paradox (Ω₂₈₈₀) Recursive Discrete Geometry, Perceptual Continuity, and the Emergence of Curved Manifolds from Finite Structures.... (3)(3).pdf",1444,3,3.​ Continuity may emerge when recursive density exceeds observational resolution.
12,"The Horizon Constant and Resolution Paradox (Ω₂₈₈₀) Recursive Discrete Geometry, Perceptual Continuity, and the Emergence of Curved Manifolds from Finite Structures.... (3)(3).pdf",1463,11.2,11.2 Stage Two — Polyhedral Expansion
12,"The Horizon Constant and Resolution Paradox (Ω₂₈₈₀) Recursive Discrete Geometry, Perceptual Continuity, and the Emergence of Curved Manifolds from Finite Structures.... (3)(3).pdf",1468,12,●​   12 faces
12,"The Horizon Constant and Resolution Paradox (Ω₂₈₈₀) Recursive Discrete Geometry, Perceptual Continuity, and the Emergence of Curved Manifolds from Finite Structures.... (3)(3).pdf",1469,20,●​   20 vertices
12,"The Horizon Constant and Resolution Paradox (Ω₂₈₈₀) Recursive Discrete Geometry, Perceptual Continuity, and the Emergence of Curved Manifolds from Finite Structures.... (3)(3).pdf",1470,30,●​   30 edges
12,"The Horizon Constant and Resolution Paradox (Ω₂₈₈₀) Recursive Discrete Geometry, Perceptual Continuity, and the Emergence of Curved Manifolds from Finite Structures.... (3)(3).pdf",1490,11.3,11.3 Stage Three — Icosahedral Approximation
12,"The Horizon Constant and Resolution Paradox (Ω₂₈₈₀) Recursive Discrete Geometry, Perceptual Continuity, and the Emergence of Curved Manifolds from Finite Structures.... (3)(3).pdf",1495,20,●​    20 triangular faces
12,"The Horizon Constant and Resolution Paradox (Ω₂₈₈₀) Recursive Discrete Geometry, Perceptual Continuity, and the Emergence of Curved Manifolds from Finite Structures.... (3)(3).pdf",1496,30,●​    30 edges
12,"The Horizon Constant and Resolution Paradox (Ω₂₈₈₀) Recursive Discrete Geometry, Perceptual Continuity, and the Emergence of Curved Manifolds from Finite Structures.... (3)(3).pdf",1497,12,●​    12 vertices
12,"The Horizon Constant and Resolution Paradox (Ω₂₈₈₀) Recursive Discrete Geometry, Perceptual Continuity, and the Emergence of Curved Manifolds from Finite Structures.... (3)(3).pdf",1542,11.5,11.5 The Emergence of Apparent Spheres
12,"The Horizon Constant and Resolution Paradox (Ω₂₈₈₀) Recursive Discrete Geometry, Perceptual Continuity, and the Emergence of Curved Manifolds from Finite Structures.... (3)(3).pdf",1571,11.6,11.6 The SEXA Interpretation
12,"The Horizon Constant and Resolution Paradox (Ω₂₈₈₀) Recursive Discrete Geometry, Perceptual Continuity, and the Emergence of Curved Manifolds from Finite Structures.... (3)(3).pdf",1623,11.8,11.8 The Great Geometric Inversion
12,"The Horizon Constant and Resolution Paradox (Ω₂₈₈₀) Recursive Discrete Geometry, Perceptual Continuity, and the Emergence of Curved Manifolds from Finite Structures.... (3)(3).pdf",1647,12,"12. Manifolds, Space-Time, and the Great"
12,"The Horizon Constant and Resolution Paradox (Ω₂₈₈₀) Recursive Discrete Geometry, Perceptual Continuity, and the Emergence of Curved Manifolds from Finite Structures.... (3)(3).pdf",1668,12.1,12.1 The Classical Assumption
12,"The Horizon Constant and Resolution Paradox (Ω₂₈₈₀) Recursive Discrete Geometry, Perceptual Continuity, and the Emergence of Curved Manifolds from Finite Structures.... (3)(3).pdf",1690,12.2,12.2 The Great Geometric Inversion
12,"The Horizon Constant and Resolution Paradox (Ω₂₈₈₀) Recursive Discrete Geometry, Perceptual Continuity, and the Emergence of Curved Manifolds from Finite Structures.... (3)(3).pdf",1732,12.3,12.3 The Apparent Manifold
12,"The Horizon Constant and Resolution Paradox (Ω₂₈₈₀) Recursive Discrete Geometry, Perceptual Continuity, and the Emergence of Curved Manifolds from Finite Structures.... (3)(3).pdf",1760,12.4,12.4 The Rubik Analogy Revisited
12,"The Horizon Constant and Resolution Paradox (Ω₂₈₈₀) Recursive Discrete Geometry, Perceptual Continuity, and the Emergence of Curved Manifolds from Finite Structures.... (3)(3).pdf",1788,12.5,12.5 Curvature Without Curved
12,"The Horizon Constant and Resolution Paradox (Ω₂₈₈₀) Recursive Discrete Geometry, Perceptual Continuity, and the Emergence of Curved Manifolds from Finite Structures.... (3)(3).pdf",1814,12.6,12.6 The Space-Time Question
12,"The Horizon Constant and Resolution Paradox (Ω₂₈₈₀) Recursive Discrete Geometry, Perceptual Continuity, and the Emergence of Curved Manifolds from Finite Structures.... (3)(3).pdf",1836,12.7,12.7 The SEXA Interpretation
12,"The Horizon Constant and Resolution Paradox (Ω₂₈₈₀) Recursive Discrete Geometry, Perceptual Continuity, and the Emergence of Curved Manifolds from Finite Structures.... (3)(3).pdf",1859,12.8,12.8 The Central Proposal
12,"The Horizon Constant and Resolution Paradox (Ω₂₈₈₀) Recursive Discrete Geometry, Perceptual Continuity, and the Emergence of Curved Manifolds from Finite Structures.... (3)(3).pdf",1887,13,13. The Horizon Framework
12,"The Horizon Constant and Resolution Paradox (Ω₂₈₈₀) Recursive Discrete Geometry, Perceptual Continuity, and the Emergence of Curved Manifolds from Finite Structures.... (3)(3).pdf",1902,1,Principle 1 — Hidden Structure
12,"The Horizon Constant and Resolution Paradox (Ω₂₈₈₀) Recursive Discrete Geometry, Perceptual Continuity, and the Emergence of Curved Manifolds from Finite Structures.... (3)(3).pdf",1906,2,Principle 2 — Resolution Paradox
12,"The Horizon Constant and Resolution Paradox (Ω₂₈₈₀) Recursive Discrete Geometry, Perceptual Continuity, and the Emergence of Curved Manifolds from Finite Structures.... (3)(3).pdf",1910,3,Principle 3 — Horizon Constant
12,"The Horizon Constant and Resolution Paradox (Ω₂₈₈₀) Recursive Discrete Geometry, Perceptual Continuity, and the Emergence of Curved Manifolds from Finite Structures.... (3)(3).pdf",1915,4,Principle 4 — Admissibility
12,"The Horizon Constant and Resolution Paradox (Ω₂₈₈₀) Recursive Discrete Geometry, Perceptual Continuity, and the Emergence of Curved Manifolds from Finite Structures.... (3)(3).pdf",1919,5,Principle 5 — Emergent Continuity
12,"The Horizon Constant and Resolution Paradox (Ω₂₈₈₀) Recursive Discrete Geometry, Perceptual Continuity, and the Emergence of Curved Manifolds from Finite Structures.... (3)(3).pdf",1928,14,14. Predictions and Falsifiability
12,"The Horizon Constant and Resolution Paradox (Ω₂₈₈₀) Recursive Discrete Geometry, Perceptual Continuity, and the Emergence of Curved Manifolds from Finite Structures.... (3)(3).pdf",1944,14.1,14.1 Prediction One — Continuity Is Not
12,"The Horizon Constant and Resolution Paradox (Ω₂₈₈₀) Recursive Discrete Geometry, Perceptual Continuity, and the Emergence of Curved Manifolds from Finite Structures.... (3)(3).pdf",1967,14.2,14.2 Prediction Two — Observer
12,"The Horizon Constant and Resolution Paradox (Ω₂₈₈₀) Recursive Discrete Geometry, Perceptual Continuity, and the Emergence of Curved Manifolds from Finite Structures.... (3)(3).pdf",1986,14.3,14.3 Prediction Three — Emergent
12,"The Horizon Constant and Resolution Paradox (Ω₂₈₈₀) Recursive Discrete Geometry, Perceptual Continuity, and the Emergence of Curved Manifolds from Finite Structures.... (3)(3).pdf",2021,14.4,14.4 Prediction Four — Hidden Skeletons
12,"The Horizon Constant and Resolution Paradox (Ω₂₈₈₀) Recursive Discrete Geometry, Perceptual Continuity, and the Emergence of Curved Manifolds from Finite Structures.... (3)(3).pdf",2041,14.5,14.5 Prediction Five — Horizon Behavior
12,"The Horizon Constant and Resolution Paradox (Ω₂₈₈₀) Recursive Discrete Geometry, Perceptual Continuity, and the Emergence of Curved Manifolds from Finite Structures.... (3)(3).pdf",2065,14.6,14.6 The Falsification Requirement
12,"The Horizon Constant and Resolution Paradox (Ω₂₈₈₀) Recursive Discrete Geometry, Perceptual Continuity, and the Emergence of Curved Manifolds from Finite Structures.... (3)(3).pdf",2071,1,1.​ Increasing recursive density failed to generate increasing apparent continuity.
12,"The Horizon Constant and Resolution Paradox (Ω₂₈₈₀) Recursive Discrete Geometry, Perceptual Continuity, and the Emergence of Curved Manifolds from Finite Structures.... (3)(3).pdf",2072,2,2.​ Observable continuity could be proven incapable of emerging from recursive
12,"The Horizon Constant and Resolution Paradox (Ω₂₈₈₀) Recursive Discrete Geometry, Perceptual Continuity, and the Emergence of Curved Manifolds from Finite Structures.... (3)(3).pdf",2074,3,3.​ The Resolution Paradox proved mathematically inconsistent.
12,"The Horizon Constant and Resolution Paradox (Ω₂₈₈₀) Recursive Discrete Geometry, Perceptual Continuity, and the Emergence of Curved Manifolds from Finite Structures.... (3)(3).pdf",2075,4,4.​ No observer-dependent horizon behavior could be identified in geometric systems.
12,"The Horizon Constant and Resolution Paradox (Ω₂₈₈₀) Recursive Discrete Geometry, Perceptual Continuity, and the Emergence of Curved Manifolds from Finite Structures.... (3)(3).pdf",2086,15,15. Discussion
12,"The Horizon Constant and Resolution Paradox (Ω₂₈₈₀) Recursive Discrete Geometry, Perceptual Continuity, and the Emergence of Curved Manifolds from Finite Structures.... (3)(3).pdf",2127,16,16. Final Statement
12,"The Horizon Constant and Resolution Paradox (Ω₂₈₈₀) Recursive Discrete Geometry, Perceptual Continuity, and the Emergence of Curved Manifolds from Finite Structures.... (3)(3).pdf",2164,17,17. Future Research Program
12,"The Horizon Constant and Resolution Paradox (Ω₂₈₈₀) Recursive Discrete Geometry, Perceptual Continuity, and the Emergence of Curved Manifolds from Finite Structures.... (3)(3).pdf",2178,17.1,17.1 Recursive Manifold Construction
12,"The Horizon Constant and Resolution Paradox (Ω₂₈₈₀) Recursive Discrete Geometry, Perceptual Continuity, and the Emergence of Curved Manifolds from Finite Structures.... (3)(3).pdf",2194,17.2,17.2 The Mathematics of the Resolution Paradox
12,"The Horizon Constant and Resolution Paradox (Ω₂₈₈₀) Recursive Discrete Geometry, Perceptual Continuity, and the Emergence of Curved Manifolds from Finite Structures.... (3)(3).pdf",2210,17.3,17.3 Horizon Threshold Analysis
12,"The Horizon Constant and Resolution Paradox (Ω₂₈₈₀) Recursive Discrete Geometry, Perceptual Continuity, and the Emergence of Curved Manifolds from Finite Structures.... (3)(3).pdf",2225,17.4,17.4 Admissibility and Geometric Emergence
12,"The Horizon Constant and Resolution Paradox (Ω₂₈₈₀) Recursive Discrete Geometry, Perceptual Continuity, and the Emergence of Curved Manifolds from Finite Structures.... (3)(3).pdf",2242,17.5,17.5 Space-Time Applications
12,"The Horizon Constant and Resolution Paradox (Ω₂₈₈₀) Recursive Discrete Geometry, Perceptual Continuity, and the Emergence of Curved Manifolds from Finite Structures.... (3)(3).pdf",2263,18,18. The Horizon Postulate
12,"The Horizon Constant and Resolution Paradox (Ω₂₈₈₀) Recursive Discrete Geometry, Perceptual Continuity, and the Emergence of Curved Manifolds from Finite Structures.... (3)(3).pdf",2286,19,19. Closing Remarks
12,"The Horizon Constant and Resolution Paradox (Ω₂₈₈₀) Recursive Discrete Geometry, Perceptual Continuity, and the Emergence of Curved Manifolds from Finite Structures.... (3)(3).pdf",2337,20,20. The SEXA Connection
12,"The Horizon Constant and Resolution Paradox (Ω₂₈₈₀) Recursive Discrete Geometry, Perceptual Continuity, and the Emergence of Curved Manifolds from Finite Structures.... (3)(3).pdf",2361,20.1,20.1 The Observer's Error
12,"The Horizon Constant and Resolution Paradox (Ω₂₈₈₀) Recursive Discrete Geometry, Perceptual Continuity, and the Emergence of Curved Manifolds from Finite Structures.... (3)(3).pdf",2383,20.2,20.2 Admissibility Before Geometry
12,"The Horizon Constant and Resolution Paradox (Ω₂₈₈₀) Recursive Discrete Geometry, Perceptual Continuity, and the Emergence of Curved Manifolds from Finite Structures.... (3)(3).pdf",2413,20.3,20.3 The Rubik Principle
12,"The Horizon Constant and Resolution Paradox (Ω₂₈₈₀) Recursive Discrete Geometry, Perceptual Continuity, and the Emergence of Curved Manifolds from Finite Structures.... (3)(3).pdf",2447,20.4,20.4 The Horizon Interpretation of SEXA
12,"The Horizon Constant and Resolution Paradox (Ω₂₈₈₀) Recursive Discrete Geometry, Perceptual Continuity, and the Emergence of Curved Manifolds from Finite Structures.... (3)(3).pdf",2466,20.5,20.5 The Central SEXA Statement
12,"The Horizon Constant and Resolution Paradox (Ω₂₈₈₀) Recursive Discrete Geometry, Perceptual Continuity, and the Emergence of Curved Manifolds from Finite Structures.... (3)(3).pdf",2498,1 | 1884,1.​ Flatland (1884). Flatland: A Romance of Many Dimensions.
12,"The Horizon Constant and Resolution Paradox (Ω₂₈₈₀) Recursive Discrete Geometry, Perceptual Continuity, and the Emergence of Curved Manifolds from Finite Structures.... (3)(3).pdf",2499,2 | 1902,2.​ Henri Poincaré (1902). Science and Hypothesis.
12,"The Horizon Constant and Resolution Paradox (Ω₂₈₈₀) Recursive Discrete Geometry, Perceptual Continuity, and the Emergence of Curved Manifolds from Finite Structures.... (3)(3).pdf",2500,3,3.​ The Shape of Space. CRC Press.
12,"The Horizon Constant and Resolution Paradox (Ω₂₈₈₀) Recursive Discrete Geometry, Perceptual Continuity, and the Emergence of Curved Manifolds from Finite Structures.... (3)(3).pdf",2501,4 | 1979,4.​ John Horton Conway & Simon P. Norton (1979). Monstrous Moonshine.
12,"The Horizon Constant and Resolution Paradox (Ω₂₈₈₀) Recursive Discrete Geometry, Perceptual Continuity, and the Emergence of Curved Manifolds from Finite Structures.... (3)(3).pdf",2502,5,5.​ Murray Gell-Mann. Studies in complexity and emergence.
12,"The Horizon Constant and Resolution Paradox (Ω₂₈₈₀) Recursive Discrete Geometry, Perceptual Continuity, and the Emergence of Curved Manifolds from Finite Structures.... (3)(3).pdf",2503,6,6.​ Spacetime and Geometry. Cambridge University Press.
12,"The Horizon Constant and Resolution Paradox (Ω₂₈₈₀) Recursive Discrete Geometry, Perceptual Continuity, and the Emergence of Curved Manifolds from Finite Structures.... (3)(3).pdf",2504,7,7.​ Three-Dimensional Geometry and Topology.
12,"The Horizon Constant and Resolution Paradox (Ω₂₈₈₀) Recursive Discrete Geometry, Perceptual Continuity, and the Emergence of Curved Manifolds from Finite Structures.... (3)(3).pdf",2505,8,8.​ Roger Penrose. Selected geometric works.
12,"The Horizon Constant and Resolution Paradox (Ω₂₈₈₀) Recursive Discrete Geometry, Perceptual Continuity, and the Emergence of Curved Manifolds from Finite Structures.... (3)(3).pdf",2506,9 | 2025 | 60,"9.​ McClain, J. (2025). A Recursive Closure Criterion for a Theory of Everything: A 60-Glyph"
12,"The Horizon Constant and Resolution Paradox (Ω₂₈₈₀) Recursive Discrete Geometry, Perceptual Continuity, and the Emergence of Curved Manifolds from Finite Structures.... (3)(3).pdf",2508,10 | 2025,"10.​ McClain, J. (2025). The SEXA Mathematical Framework — Unified Recursive Manifold"
12,"The Horizon Constant and Resolution Paradox (Ω₂₈₈₀) Recursive Discrete Geometry, Perceptual Continuity, and the Emergence of Curved Manifolds from Finite Structures.... (3)(3).pdf",2510,11 | 2025 | 60,"11.​ McClain, J. (2025). The SEXA Recursive Energy Functional (SREF): Spectral Gain-60 Recursion"
12,"The Horizon Constant and Resolution Paradox (Ω₂₈₈₀) Recursive Discrete Geometry, Perceptual Continuity, and the Emergence of Curved Manifolds from Finite Structures.... (3)(3).pdf",2511,5,on a 5D Manifold and Bounded Dynamical Stability.
12,"The Horizon Constant and Resolution Paradox (Ω₂₈₈₀) Recursive Discrete Geometry, Perceptual Continuity, and the Emergence of Curved Manifolds from Finite Structures.... (3)(3).pdf",2512,12 | 2026,"12.​ McClain, J. (2026). Formal Compatibility and Falsifiability Assessment of the SEXA Unified Field"
12,"The Horizon Constant and Resolution Paradox (Ω₂₈₈₀) Recursive Discrete Geometry, Perceptual Continuity, and the Emergence of Curved Manifolds from Finite Structures.... (3)(3).pdf",2514,13 | 2025,"13.​ Ceisiwr, E. & Lumos, A. (2025). The Unzipping Horizon: Recursive Cosmological Geometry and"
12,"The Horizon Constant and Resolution Paradox (Ω₂₈₈₀) Recursive Discrete Geometry, Perceptual Continuity, and the Emergence of Curved Manifolds from Finite Structures.... (3)(3).pdf",2516,14 | 2025 | 96,"14.​ Flom, A. (2025). Sigmatics: A 96-Class Geometric Algebra Computational Framework for"
12,"The Horizon Constant and Resolution Paradox (Ω₂₈₈₀) Recursive Discrete Geometry, Perceptual Continuity, and the Emergence of Curved Manifolds from Finite Structures.... (3)(3).pdf",2518,15,15.​ Information Theory foundational literature.
12,"The Horizon Constant and Resolution Paradox (Ω₂₈₈₀) Recursive Discrete Geometry, Perceptual Continuity, and the Emergence of Curved Manifolds from Finite Structures.... (3)(3).pdf",2519,16,16.​ Complex Systems foundational literature.
12,"The Horizon Constant and Resolution Paradox (Ω₂₈₈₀) Recursive Discrete Geometry, Perceptual Continuity, and the Emergence of Curved Manifolds from Finite Structures.... (3)(3).pdf",2520,17 | 1980,"17.​ Rubik, E. (1980). Rubik's Cube Design and Mechanical Architecture."
12,"The Horizon Constant and Resolution Paradox (Ω₂₈₈₀) Recursive Discrete Geometry, Perceptual Continuity, and the Emergence of Curved Manifolds from Finite Structures.... (3)(3).pdf",2521,18,18.​ Geodesic sphere literature derived from work of Buckminster Fuller.
13,"The+Γ-Subthreshold+Fold+Logic+Theorem+Minimal+Admissibility+Compression,+Recursive+Information+Preservation,+and+Unique+Reconstruction+Across+the+2880-Dimensional+Recursive+Hierarchy(20260810-123705).pdf",5,2880,Unique Reconstruction Across the 2880-Dimensional Recursive Hierarchy
13,"The+Γ-Subthreshold+Fold+Logic+Theorem+Minimal+Admissibility+Compression,+Recursive+Information+Preservation,+and+Unique+Reconstruction+Across+the+2880-Dimensional+Recursive+Hierarchy(20260810-123705).pdf",7,2026,Jered McClain¹ · Erydir Ceisiwr² 2026©
13,"The+Γ-Subthreshold+Fold+Logic+Theorem+Minimal+Admissibility+Compression,+Recursive+Information+Preservation,+and+Unique+Reconstruction+Across+the+2880-Dimensional+Recursive+Hierarchy(20260810-123705).pdf",11,0009 | 0005 | 6185 | 3749,ORCID: 0009-0005-6185-3749
13,"The+Γ-Subthreshold+Fold+Logic+Theorem+Minimal+Admissibility+Compression,+Recursive+Information+Preservation,+and+Unique+Reconstruction+Across+the+2880-Dimensional+Recursive+Hierarchy(20260810-123705).pdf",14,0009 | 0004 | 4577 | 5253,ORCID: 0009-0004-4577-5253
13,"The+Γ-Subthreshold+Fold+Logic+Theorem+Minimal+Admissibility+Compression,+Recursive+Information+Preservation,+and+Unique+Reconstruction+Across+the+2880-Dimensional+Recursive+Hierarchy(20260810-123705).pdf",40,2,Abstract ............................................................................... 2
13,"The+Γ-Subthreshold+Fold+Logic+Theorem+Minimal+Admissibility+Compression,+Recursive+Information+Preservation,+and+Unique+Reconstruction+Across+the+2880-Dimensional+Recursive+Hierarchy(20260810-123705).pdf",43,1 | 5,1.​      Introduction ....................................................................... 5
13,"The+Γ-Subthreshold+Fold+Logic+Theorem+Minimal+Admissibility+Compression,+Recursive+Information+Preservation,+and+Unique+Reconstruction+Across+the+2880-Dimensional+Recursive+Hierarchy(20260810-123705).pdf",44,2 | 7,2.​      Mathematical Foundations ................................................. 7
13,"The+Γ-Subthreshold+Fold+Logic+Theorem+Minimal+Admissibility+Compression,+Recursive+Information+Preservation,+and+Unique+Reconstruction+Across+the+2880-Dimensional+Recursive+Hierarchy(20260810-123705).pdf",47,2.1 | 7,2.1 Motivation ....................................................................... 7
13,"The+Γ-Subthreshold+Fold+Logic+Theorem+Minimal+Admissibility+Compression,+Recursive+Information+Preservation,+and+Unique+Reconstruction+Across+the+2880-Dimensional+Recursive+Hierarchy(20260810-123705).pdf",50,2.2 | 8,2.2 Central Hypothesis ......................................................... 8
13,"The+Γ-Subthreshold+Fold+Logic+Theorem+Minimal+Admissibility+Compression,+Recursive+Information+Preservation,+and+Unique+Reconstruction+Across+the+2880-Dimensional+Recursive+Hierarchy(20260810-123705).pdf",53,2.3 | 9,2.3 The Γ-Admissibility Domain ............................................. 9
13,"The+Γ-Subthreshold+Fold+Logic+Theorem+Minimal+Admissibility+Compression,+Recursive+Information+Preservation,+and+Unique+Reconstruction+Across+the+2880-Dimensional+Recursive+Hierarchy(20260810-123705).pdf",56,2.4 | 10,2.4 Γ-Subthreshold Fold Logic Operator .............................. 10
13,"The+Γ-Subthreshold+Fold+Logic+Theorem+Minimal+Admissibility+Compression,+Recursive+Information+Preservation,+and+Unique+Reconstruction+Across+the+2880-Dimensional+Recursive+Hierarchy(20260810-123705).pdf",58,2.5 | 11,2.5 The Six-Into-Five Principle ............................................ 11
13,"The+Γ-Subthreshold+Fold+Logic+Theorem+Minimal+Admissibility+Compression,+Recursive+Information+Preservation,+and+Unique+Reconstruction+Across+the+2880-Dimensional+Recursive+Hierarchy(20260810-123705).pdf",61,2.6 | 13,2.6 Information Preservation ............................................... 13
13,"The+Γ-Subthreshold+Fold+Logic+Theorem+Minimal+Admissibility+Compression,+Recursive+Information+Preservation,+and+Unique+Reconstruction+Across+the+2880-Dimensional+Recursive+Hierarchy(20260810-123705).pdf",64,2.7 | 14,2.7 Recursive Reconstruction Operator ............................... 14
13,"The+Γ-Subthreshold+Fold+Logic+Theorem+Minimal+Admissibility+Compression,+Recursive+Information+Preservation,+and+Unique+Reconstruction+Across+the+2880-Dimensional+Recursive+Hierarchy(20260810-123705).pdf",67,2.8 | 15,2.8 Six-Into-Five Recovery Principle .................................... 15
13,"The+Γ-Subthreshold+Fold+Logic+Theorem+Minimal+Admissibility+Compression,+Recursive+Information+Preservation,+and+Unique+Reconstruction+Across+the+2880-Dimensional+Recursive+Hierarchy(20260810-123705).pdf",70,2.9 | 16,2.9 Transition to the Axiomatic Development ...................... 16
13,"The+Γ-Subthreshold+Fold+Logic+Theorem+Minimal+Admissibility+Compression,+Recursive+Information+Preservation,+and+Unique+Reconstruction+Across+the+2880-Dimensional+Recursive+Hierarchy(20260810-123705).pdf",73,3 | 16,3.​     Axiomatic Structure ......................................................... 16
13,"The+Γ-Subthreshold+Fold+Logic+Theorem+Minimal+Admissibility+Compression,+Recursive+Information+Preservation,+and+Unique+Reconstruction+Across+the+2880-Dimensional+Recursive+Hierarchy(20260810-123705).pdf",76,3.1 | 3.4 | 17,"Axioms I–VI, Definitions 3.1–3.4 ........................................ 17"
13,"The+Γ-Subthreshold+Fold+Logic+Theorem+Minimal+Admissibility+Compression,+Recursive+Information+Preservation,+and+Unique+Reconstruction+Across+the+2880-Dimensional+Recursive+Hierarchy(20260810-123705).pdf",79,4 | 22,4.​     Preliminary Lemmas ........................................................ 22
13,"The+Γ-Subthreshold+Fold+Logic+Theorem+Minimal+Admissibility+Compression,+Recursive+Information+Preservation,+and+Unique+Reconstruction+Across+the+2880-Dimensional+Recursive+Hierarchy(20260810-123705).pdf",82,4.1 | 4.7 | 4.1 | 4.3 | 22,"Lemmas 4.1–4.7, Corollaries 4.1–4.3 .................................. 22"
13,"The+Γ-Subthreshold+Fold+Logic+Theorem+Minimal+Admissibility+Compression,+Recursive+Information+Preservation,+and+Unique+Reconstruction+Across+the+2880-Dimensional+Recursive+Hierarchy(20260810-123705).pdf",85,5 | 27,5.​     Principal Theorems ......................................................... 27
13,"The+Γ-Subthreshold+Fold+Logic+Theorem+Minimal+Admissibility+Compression,+Recursive+Information+Preservation,+and+Unique+Reconstruction+Across+the+2880-Dimensional+Recursive+Hierarchy(20260810-123705).pdf",88,5.1 | 5.7 | 27,Theorems 5.1–5.7 ............................................................... 27
13,"The+Γ-Subthreshold+Fold+Logic+Theorem+Minimal+Admissibility+Compression,+Recursive+Information+Preservation,+and+Unique+Reconstruction+Across+the+2880-Dimensional+Recursive+Hierarchy(20260810-123705).pdf",91,6 | 33,"6.​     Consequences, Failure Conditions, and Mathematical Implications .......................................................................... 33"
13,"The+Γ-Subthreshold+Fold+Logic+Theorem+Minimal+Admissibility+Compression,+Recursive+Information+Preservation,+and+Unique+Reconstruction+Across+the+2880-Dimensional+Recursive+Hierarchy(20260810-123705).pdf",94,6.1 | 6.11 | 34,6.1–6.11 .............................................................................. 34
13,"The+Γ-Subthreshold+Fold+Logic+Theorem+Minimal+Admissibility+Compression,+Recursive+Information+Preservation,+and+Unique+Reconstruction+Across+the+2880-Dimensional+Recursive+Hierarchy(20260810-123705).pdf",97,7 | 39,7.​     Discussion ....................................................................... 39
13,"The+Γ-Subthreshold+Fold+Logic+Theorem+Minimal+Admissibility+Compression,+Recursive+Information+Preservation,+and+Unique+Reconstruction+Across+the+2880-Dimensional+Recursive+Hierarchy(20260810-123705).pdf",100,7.1 | 7.6 | 41,7.1–7.6 ............................................................................... 41
13,"The+Γ-Subthreshold+Fold+Logic+Theorem+Minimal+Admissibility+Compression,+Recursive+Information+Preservation,+and+Unique+Reconstruction+Across+the+2880-Dimensional+Recursive+Hierarchy(20260810-123705).pdf",103,8 | 46,8.​     Conclusion ....................................................................... 46
13,"The+Γ-Subthreshold+Fold+Logic+Theorem+Minimal+Admissibility+Compression,+Recursive+Information+Preservation,+and+Unique+Reconstruction+Across+the+2880-Dimensional+Recursive+Hierarchy(20260810-123705).pdf",106,48,Appendix A. Formal Proof Dependency Graph ..................... 48
13,"The+Γ-Subthreshold+Fold+Logic+Theorem+Minimal+Admissibility+Compression,+Recursive+Information+Preservation,+and+Unique+Reconstruction+Across+the+2880-Dimensional+Recursive+Hierarchy(20260810-123705).pdf",109,55,Appendix B. Symbol Glossary .............................................. 55
13,"The+Γ-Subthreshold+Fold+Logic+Theorem+Minimal+Admissibility+Compression,+Recursive+Information+Preservation,+and+Unique+Reconstruction+Across+the+2880-Dimensional+Recursive+Hierarchy(20260810-123705).pdf",112,60,Appendix C. Computational Correspondence Summary ........ 60
13,"The+Γ-Subthreshold+Fold+Logic+Theorem+Minimal+Admissibility+Compression,+Recursive+Information+Preservation,+and+Unique+Reconstruction+Across+the+2880-Dimensional+Recursive+Hierarchy(20260810-123705).pdf",115,65,Appendix D. Formal Notation Reference .............................. 65
13,"The+Γ-Subthreshold+Fold+Logic+Theorem+Minimal+Admissibility+Compression,+Recursive+Information+Preservation,+and+Unique+Reconstruction+Across+the+2880-Dimensional+Recursive+Hierarchy(20260810-123705).pdf",118,71,Appendix E. Extended Proof Notes ....................................... 71
13,"The+Γ-Subthreshold+Fold+Logic+Theorem+Minimal+Admissibility+Compression,+Recursive+Information+Preservation,+and+Unique+Reconstruction+Across+the+2880-Dimensional+Recursive+Hierarchy(20260810-123705).pdf",121,79 | 83,References .......................................................................... 79–83
13,"The+Γ-Subthreshold+Fold+Logic+Theorem+Minimal+Admissibility+Compression,+Recursive+Information+Preservation,+and+Unique+Reconstruction+Across+the+2880-Dimensional+Recursive+Hierarchy(20260810-123705).pdf",144,2880,recursive invariant necessary for exact reconstruction of the complete 2880-dimensional recursive hierarchy. This
13,"The+Γ-Subthreshold+Fold+Logic+Theorem+Minimal+Admissibility+Compression,+Recursive+Information+Preservation,+and+Unique+Reconstruction+Across+the+2880-Dimensional+Recursive+Hierarchy(20260810-123705).pdf",146,2880,"misunderstood statement that one may ""mathematically force six into five and recover 2880"" is not an arithmetic"
13,"The+Γ-Subthreshold+Fold+Logic+Theorem+Minimal+Admissibility+Compression,+Recursive+Information+Preservation,+and+Unique+Reconstruction+Across+the+2880-Dimensional+Recursive+Hierarchy(20260810-123705).pdf",167,1,1. Introduction
13,"The+Γ-Subthreshold+Fold+Logic+Theorem+Minimal+Admissibility+Compression,+Recursive+Information+Preservation,+and+Unique+Reconstruction+Across+the+2880-Dimensional+Recursive+Hierarchy(20260810-123705).pdf",205,2880,"reconstruction of the complete recursively generated 2880-dimensional hierarchy. Consequently, the"
13,"The+Γ-Subthreshold+Fold+Logic+Theorem+Minimal+Admissibility+Compression,+Recursive+Information+Preservation,+and+Unique+Reconstruction+Across+the+2880-Dimensional+Recursive+Hierarchy(20260810-123705).pdf",226,2,2. Mathematical Foundations
13,"The+Γ-Subthreshold+Fold+Logic+Theorem+Minimal+Admissibility+Compression,+Recursive+Information+Preservation,+and+Unique+Reconstruction+Across+the+2880-Dimensional+Recursive+Hierarchy(20260810-123705).pdf",227,2.1,2.1 Motivation
13,"The+Γ-Subthreshold+Fold+Logic+Theorem+Minimal+Admissibility+Compression,+Recursive+Information+Preservation,+and+Unique+Reconstruction+Across+the+2880-Dimensional+Recursive+Hierarchy(20260810-123705).pdf",256,2.2,2.2 Central Hypothesis
13,"The+Γ-Subthreshold+Fold+Logic+Theorem+Minimal+Admissibility+Compression,+Recursive+Information+Preservation,+and+Unique+Reconstruction+Across+the+2880-Dimensional+Recursive+Hierarchy(20260810-123705).pdf",281,2.5,2.5 The Six-Into-Five Principle
13,"The+Γ-Subthreshold+Fold+Logic+Theorem+Minimal+Admissibility+Compression,+Recursive+Information+Preservation,+and+Unique+Reconstruction+Across+the+2880-Dimensional+Recursive+Hierarchy(20260810-123705).pdf",324,2.6,2.6 Information Preservation
13,"The+Γ-Subthreshold+Fold+Logic+Theorem+Minimal+Admissibility+Compression,+Recursive+Information+Preservation,+and+Unique+Reconstruction+Across+the+2880-Dimensional+Recursive+Hierarchy(20260810-123705).pdf",351,2.9,2.9 Transition to the Axiomatic Development
13,"The+Γ-Subthreshold+Fold+Logic+Theorem+Minimal+Admissibility+Compression,+Recursive+Information+Preservation,+and+Unique+Reconstruction+Across+the+2880-Dimensional+Recursive+Hierarchy(20260810-123705).pdf",360,3,3. Axiomatic Structure of the Γ-Subthreshold Fold Logic
13,"The+Γ-Subthreshold+Fold+Logic+Theorem+Minimal+Admissibility+Compression,+Recursive+Information+Preservation,+and+Unique+Reconstruction+Across+the+2880-Dimensional+Recursive+Hierarchy(20260810-123705).pdf",407,4.7,Lemma 4.7
13,"The+Γ-Subthreshold+Fold+Logic+Theorem+Minimal+Admissibility+Compression,+Recursive+Information+Preservation,+and+Unique+Reconstruction+Across+the+2880-Dimensional+Recursive+Hierarchy(20260810-123705).pdf",417,5,Transition to Chapter 5
13,"The+Γ-Subthreshold+Fold+Logic+Theorem+Minimal+Admissibility+Compression,+Recursive+Information+Preservation,+and+Unique+Reconstruction+Across+the+2880-Dimensional+Recursive+Hierarchy(20260810-123705).pdf",422,2880,exact recovery of the 2880-dimensional recursive hierarchy.
13,"The+Γ-Subthreshold+Fold+Logic+Theorem+Minimal+Admissibility+Compression,+Recursive+Information+Preservation,+and+Unique+Reconstruction+Across+the+2880-Dimensional+Recursive+Hierarchy(20260810-123705).pdf",427,5,5. Principal Theorems
13,"The+Γ-Subthreshold+Fold+Logic+Theorem+Minimal+Admissibility+Compression,+Recursive+Information+Preservation,+and+Unique+Reconstruction+Across+the+2880-Dimensional+Recursive+Hierarchy(20260810-123705).pdf",439,5.2,Theorem 5.2
13,"The+Γ-Subthreshold+Fold+Logic+Theorem+Minimal+Admissibility+Compression,+Recursive+Information+Preservation,+and+Unique+Reconstruction+Across+the+2880-Dimensional+Recursive+Hierarchy(20260810-123705).pdf",450,5.4,Theorem 5.4
13,"The+Γ-Subthreshold+Fold+Logic+Theorem+Minimal+Admissibility+Compression,+Recursive+Information+Preservation,+and+Unique+Reconstruction+Across+the+2880-Dimensional+Recursive+Hierarchy(20260810-123705).pdf",455,2880,2880-dimensional hierarchy.
13,"The+Γ-Subthreshold+Fold+Logic+Theorem+Minimal+Admissibility+Compression,+Recursive+Information+Preservation,+and+Unique+Reconstruction+Across+the+2880-Dimensional+Recursive+Hierarchy(20260810-123705).pdf",460,5.5,Theorem 5.5
13,"The+Γ-Subthreshold+Fold+Logic+Theorem+Minimal+Admissibility+Compression,+Recursive+Information+Preservation,+and+Unique+Reconstruction+Across+the+2880-Dimensional+Recursive+Hierarchy(20260810-123705).pdf",467,5.6,Theorem 5.6
13,"The+Γ-Subthreshold+Fold+Logic+Theorem+Minimal+Admissibility+Compression,+Recursive+Information+Preservation,+and+Unique+Reconstruction+Across+the+2880-Dimensional+Recursive+Hierarchy(20260810-123705).pdf",477,6,"6. Consequences, Failure Conditions, and Mathematical"
13,"The+Γ-Subthreshold+Fold+Logic+Theorem+Minimal+Admissibility+Compression,+Recursive+Information+Preservation,+and+Unique+Reconstruction+Across+the+2880-Dimensional+Recursive+Hierarchy(20260810-123705).pdf",489,6.1,6.1 Consequence I — Admissibility
13,"The+Γ-Subthreshold+Fold+Logic+Theorem+Minimal+Admissibility+Compression,+Recursive+Information+Preservation,+and+Unique+Reconstruction+Across+the+2880-Dimensional+Recursive+Hierarchy(20260810-123705).pdf",524,6.10,6.10 Mathematical Consequences
13,"The+Γ-Subthreshold+Fold+Logic+Theorem+Minimal+Admissibility+Compression,+Recursive+Information+Preservation,+and+Unique+Reconstruction+Across+the+2880-Dimensional+Recursive+Hierarchy(20260810-123705).pdf",553,6.11,6.11 Mathematical Interpretation
13,"The+Γ-Subthreshold+Fold+Logic+Theorem+Minimal+Admissibility+Compression,+Recursive+Information+Preservation,+and+Unique+Reconstruction+Across+the+2880-Dimensional+Recursive+Hierarchy(20260810-123705).pdf",556,2880,"""I can mathematically force six into five and recover 2880."""
13,"The+Γ-Subthreshold+Fold+Logic+Theorem+Minimal+Admissibility+Compression,+Recursive+Information+Preservation,+and+Unique+Reconstruction+Across+the+2880-Dimensional+Recursive+Hierarchy(20260810-123705).pdf",565,7,7. Discussion
13,"The+Γ-Subthreshold+Fold+Logic+Theorem+Minimal+Admissibility+Compression,+Recursive+Information+Preservation,+and+Unique+Reconstruction+Across+the+2880-Dimensional+Recursive+Hierarchy(20260810-123705).pdf",585,7.1,7.1 Relationship to Existing Mathematical Structures
13,"The+Γ-Subthreshold+Fold+Logic+Theorem+Minimal+Admissibility+Compression,+Recursive+Information+Preservation,+and+Unique+Reconstruction+Across+the+2880-Dimensional+Recursive+Hierarchy(20260810-123705).pdf",608,7.2,7.2 Relationship to Recursive Manifold Theory
13,"The+Γ-Subthreshold+Fold+Logic+Theorem+Minimal+Admissibility+Compression,+Recursive+Information+Preservation,+and+Unique+Reconstruction+Across+the+2880-Dimensional+Recursive+Hierarchy(20260810-123705).pdf",618,7.3,7.3 Minimality and Structural Economy
13,"The+Γ-Subthreshold+Fold+Logic+Theorem+Minimal+Admissibility+Compression,+Recursive+Information+Preservation,+and+Unique+Reconstruction+Across+the+2880-Dimensional+Recursive+Hierarchy(20260810-123705).pdf",645,7.5,7.5 Scope of the Theorem
13,"The+Γ-Subthreshold+Fold+Logic+Theorem+Minimal+Admissibility+Compression,+Recursive+Information+Preservation,+and+Unique+Reconstruction+Across+the+2880-Dimensional+Recursive+Hierarchy(20260810-123705).pdf",662,7.6,7.6 Future Mathematical Development
13,"The+Γ-Subthreshold+Fold+Logic+Theorem+Minimal+Admissibility+Compression,+Recursive+Information+Preservation,+and+Unique+Reconstruction+Across+the+2880-Dimensional+Recursive+Hierarchy(20260810-123705).pdf",691,8,8. Conclusion
13,"The+Γ-Subthreshold+Fold+Logic+Theorem+Minimal+Admissibility+Compression,+Recursive+Information+Preservation,+and+Unique+Reconstruction+Across+the+2880-Dimensional+Recursive+Hierarchy(20260810-123705).pdf",702,2880,were then introduced together with the Six-Into-Five Principle and the 2880 Reconstruction
13,"The+Γ-Subthreshold+Fold+Logic+Theorem+Minimal+Admissibility+Compression,+Recursive+Information+Preservation,+and+Unique+Reconstruction+Across+the+2880-Dimensional+Recursive+Hierarchy(20260810-123705).pdf",717,2880,"2880-dimensional hierarchy. Furthermore, the theorem establishes that the complete Γ-chain is"
13,"The+Γ-Subthreshold+Fold+Logic+Theorem+Minimal+Admissibility+Compression,+Recursive+Information+Preservation,+and+Unique+Reconstruction+Across+the+2880-Dimensional+Recursive+Hierarchy(20260810-123705).pdf",724,2880,"""One may mathematically force six into five and recover 2880."""
13,"The+Γ-Subthreshold+Fold+Logic+Theorem+Minimal+Admissibility+Compression,+Recursive+Information+Preservation,+and+Unique+Reconstruction+Across+the+2880-Dimensional+Recursive+Hierarchy(20260810-123705).pdf",754,2880,reconstruction of the full 2880-dimensional hierarchy. Within the formal system developed in this
13,"The+Γ-Subthreshold+Fold+Logic+Theorem+Minimal+Admissibility+Compression,+Recursive+Information+Preservation,+and+Unique+Reconstruction+Across+the+2880-Dimensional+Recursive+Hierarchy(20260810-123705).pdf",776,0,Level 0 — Primitive Definitions
13,"The+Γ-Subthreshold+Fold+Logic+Theorem+Minimal+Admissibility+Compression,+Recursive+Information+Preservation,+and+Unique+Reconstruction+Across+the+2880-Dimensional+Recursive+Hierarchy(20260810-123705).pdf",783,1,Level 1 — Axioms
13,"The+Γ-Subthreshold+Fold+Logic+Theorem+Minimal+Admissibility+Compression,+Recursive+Information+Preservation,+and+Unique+Reconstruction+Across+the+2880-Dimensional+Recursive+Hierarchy(20260810-123705).pdf",823,2,Level 2 — Preliminary Lemmas
13,"The+Γ-Subthreshold+Fold+Logic+Theorem+Minimal+Admissibility+Compression,+Recursive+Information+Preservation,+and+Unique+Reconstruction+Across+the+2880-Dimensional+Recursive+Hierarchy(20260810-123705).pdf",826,4.1,Lemma 4.1
13,"The+Γ-Subthreshold+Fold+Logic+Theorem+Minimal+Admissibility+Compression,+Recursive+Information+Preservation,+and+Unique+Reconstruction+Across+the+2880-Dimensional+Recursive+Hierarchy(20260810-123705).pdf",836,4.2,Lemma 4.2
13,"The+Γ-Subthreshold+Fold+Logic+Theorem+Minimal+Admissibility+Compression,+Recursive+Information+Preservation,+and+Unique+Reconstruction+Across+the+2880-Dimensional+Recursive+Hierarchy(20260810-123705).pdf",846,4.3,Lemma 4.3
13,"The+Γ-Subthreshold+Fold+Logic+Theorem+Minimal+Admissibility+Compression,+Recursive+Information+Preservation,+and+Unique+Reconstruction+Across+the+2880-Dimensional+Recursive+Hierarchy(20260810-123705).pdf",856,4.4,Lemma 4.4
13,"The+Γ-Subthreshold+Fold+Logic+Theorem+Minimal+Admissibility+Compression,+Recursive+Information+Preservation,+and+Unique+Reconstruction+Across+the+2880-Dimensional+Recursive+Hierarchy(20260810-123705).pdf",866,4.5,Lemma 4.5
13,"The+Γ-Subthreshold+Fold+Logic+Theorem+Minimal+Admissibility+Compression,+Recursive+Information+Preservation,+and+Unique+Reconstruction+Across+the+2880-Dimensional+Recursive+Hierarchy(20260810-123705).pdf",876,4.6,Lemma 4.6
13,"The+Γ-Subthreshold+Fold+Logic+Theorem+Minimal+Admissibility+Compression,+Recursive+Information+Preservation,+and+Unique+Reconstruction+Across+the+2880-Dimensional+Recursive+Hierarchy(20260810-123705).pdf",886,4.7,Lemma 4.7
13,"The+Γ-Subthreshold+Fold+Logic+Theorem+Minimal+Admissibility+Compression,+Recursive+Information+Preservation,+and+Unique+Reconstruction+Across+the+2880-Dimensional+Recursive+Hierarchy(20260810-123705).pdf",894,3,Level 3 — Principal Theorems
13,"The+Γ-Subthreshold+Fold+Logic+Theorem+Minimal+Admissibility+Compression,+Recursive+Information+Preservation,+and+Unique+Reconstruction+Across+the+2880-Dimensional+Recursive+Hierarchy(20260810-123705).pdf",895,5.1,Theorem 5.1
13,"The+Γ-Subthreshold+Fold+Logic+Theorem+Minimal+Admissibility+Compression,+Recursive+Information+Preservation,+and+Unique+Reconstruction+Across+the+2880-Dimensional+Recursive+Hierarchy(20260810-123705).pdf",903,4.1,4.1
13,"The+Γ-Subthreshold+Fold+Logic+Theorem+Minimal+Admissibility+Compression,+Recursive+Information+Preservation,+and+Unique+Reconstruction+Across+the+2880-Dimensional+Recursive+Hierarchy(20260810-123705).pdf",905,4.2,4.2
13,"The+Γ-Subthreshold+Fold+Logic+Theorem+Minimal+Admissibility+Compression,+Recursive+Information+Preservation,+and+Unique+Reconstruction+Across+the+2880-Dimensional+Recursive+Hierarchy(20260810-123705).pdf",907,4.3,4.3
13,"The+Γ-Subthreshold+Fold+Logic+Theorem+Minimal+Admissibility+Compression,+Recursive+Information+Preservation,+and+Unique+Reconstruction+Across+the+2880-Dimensional+Recursive+Hierarchy(20260810-123705).pdf",911,5.2,Theorem 5.2
13,"The+Γ-Subthreshold+Fold+Logic+Theorem+Minimal+Admissibility+Compression,+Recursive+Information+Preservation,+and+Unique+Reconstruction+Across+the+2880-Dimensional+Recursive+Hierarchy(20260810-123705).pdf",917,5.1,Theorem 5.1
13,"The+Γ-Subthreshold+Fold+Logic+Theorem+Minimal+Admissibility+Compression,+Recursive+Information+Preservation,+and+Unique+Reconstruction+Across+the+2880-Dimensional+Recursive+Hierarchy(20260810-123705).pdf",919,4.6,Lemma 4.6
13,"The+Γ-Subthreshold+Fold+Logic+Theorem+Minimal+Admissibility+Compression,+Recursive+Information+Preservation,+and+Unique+Reconstruction+Across+the+2880-Dimensional+Recursive+Hierarchy(20260810-123705).pdf",923,5.3,Theorem 5.3
13,"The+Γ-Subthreshold+Fold+Logic+Theorem+Minimal+Admissibility+Compression,+Recursive+Information+Preservation,+and+Unique+Reconstruction+Across+the+2880-Dimensional+Recursive+Hierarchy(20260810-123705).pdf",929,4.4,Lemma 4.4
13,"The+Γ-Subthreshold+Fold+Logic+Theorem+Minimal+Admissibility+Compression,+Recursive+Information+Preservation,+and+Unique+Reconstruction+Across+the+2880-Dimensional+Recursive+Hierarchy(20260810-123705).pdf",933,5.4,Theorem 5.4
13,"The+Γ-Subthreshold+Fold+Logic+Theorem+Minimal+Admissibility+Compression,+Recursive+Information+Preservation,+and+Unique+Reconstruction+Across+the+2880-Dimensional+Recursive+Hierarchy(20260810-123705).pdf",939,4.6,Lemma 4.6
13,"The+Γ-Subthreshold+Fold+Logic+Theorem+Minimal+Admissibility+Compression,+Recursive+Information+Preservation,+and+Unique+Reconstruction+Across+the+2880-Dimensional+Recursive+Hierarchy(20260810-123705).pdf",941,5.3,Theorem 5.3
13,"The+Γ-Subthreshold+Fold+Logic+Theorem+Minimal+Admissibility+Compression,+Recursive+Information+Preservation,+and+Unique+Reconstruction+Across+the+2880-Dimensional+Recursive+Hierarchy(20260810-123705).pdf",945,5.5,Theorem 5.5
13,"The+Γ-Subthreshold+Fold+Logic+Theorem+Minimal+Admissibility+Compression,+Recursive+Information+Preservation,+and+Unique+Reconstruction+Across+the+2880-Dimensional+Recursive+Hierarchy(20260810-123705).pdf",951,4.7,Lemma 4.7
13,"The+Γ-Subthreshold+Fold+Logic+Theorem+Minimal+Admissibility+Compression,+Recursive+Information+Preservation,+and+Unique+Reconstruction+Across+the+2880-Dimensional+Recursive+Hierarchy(20260810-123705).pdf",955,5.6,Theorem 5.6
13,"The+Γ-Subthreshold+Fold+Logic+Theorem+Minimal+Admissibility+Compression,+Recursive+Information+Preservation,+and+Unique+Reconstruction+Across+the+2880-Dimensional+Recursive+Hierarchy(20260810-123705).pdf",963,5.1,5.1
13,"The+Γ-Subthreshold+Fold+Logic+Theorem+Minimal+Admissibility+Compression,+Recursive+Information+Preservation,+and+Unique+Reconstruction+Across+the+2880-Dimensional+Recursive+Hierarchy(20260810-123705).pdf",965,5.2,5.2
13,"The+Γ-Subthreshold+Fold+Logic+Theorem+Minimal+Admissibility+Compression,+Recursive+Information+Preservation,+and+Unique+Reconstruction+Across+the+2880-Dimensional+Recursive+Hierarchy(20260810-123705).pdf",967,5.3,5.3
13,"The+Γ-Subthreshold+Fold+Logic+Theorem+Minimal+Admissibility+Compression,+Recursive+Information+Preservation,+and+Unique+Reconstruction+Across+the+2880-Dimensional+Recursive+Hierarchy(20260810-123705).pdf",969,5.4,5.4
13,"The+Γ-Subthreshold+Fold+Logic+Theorem+Minimal+Admissibility+Compression,+Recursive+Information+Preservation,+and+Unique+Reconstruction+Across+the+2880-Dimensional+Recursive+Hierarchy(20260810-123705).pdf",971,5.5,5.5
13,"The+Γ-Subthreshold+Fold+Logic+Theorem+Minimal+Admissibility+Compression,+Recursive+Information+Preservation,+and+Unique+Reconstruction+Across+the+2880-Dimensional+Recursive+Hierarchy(20260810-123705).pdf",975,5.7,Theorem 5.7
13,"The+Γ-Subthreshold+Fold+Logic+Theorem+Minimal+Admissibility+Compression,+Recursive+Information+Preservation,+and+Unique+Reconstruction+Across+the+2880-Dimensional+Recursive+Hierarchy(20260810-123705).pdf",1218,1,1.​ A recursively admissible configuration space.
13,"The+Γ-Subthreshold+Fold+Logic+Theorem+Minimal+Admissibility+Compression,+Recursive+Information+Preservation,+and+Unique+Reconstruction+Across+the+2880-Dimensional+Recursive+Hierarchy(20260810-123705).pdf",1219,2,2.​ An ordered six-operator Γ-admissibility chain.
13,"The+Γ-Subthreshold+Fold+Logic+Theorem+Minimal+Admissibility+Compression,+Recursive+Information+Preservation,+and+Unique+Reconstruction+Across+the+2880-Dimensional+Recursive+Hierarchy(20260810-123705).pdf",1220,3,3.​ A fold operator acting on admissible configurations.
13,"The+Γ-Subthreshold+Fold+Logic+Theorem+Minimal+Admissibility+Compression,+Recursive+Information+Preservation,+and+Unique+Reconstruction+Across+the+2880-Dimensional+Recursive+Hierarchy(20260810-123705).pdf",1221,4,4.​ A reconstruction operator mapping the operational manifold to the recursive hierarchy.
13,"The+Γ-Subthreshold+Fold+Logic+Theorem+Minimal+Admissibility+Compression,+Recursive+Information+Preservation,+and+Unique+Reconstruction+Across+the+2880-Dimensional+Recursive+Hierarchy(20260810-123705).pdf",1222,5,5.​ Existence of the fold operator.
13,"The+Γ-Subthreshold+Fold+Logic+Theorem+Minimal+Admissibility+Compression,+Recursive+Information+Preservation,+and+Unique+Reconstruction+Across+the+2880-Dimensional+Recursive+Hierarchy(20260810-123705).pdf",1223,6,6.​ Uniqueness of the fold operator.
13,"The+Γ-Subthreshold+Fold+Logic+Theorem+Minimal+Admissibility+Compression,+Recursive+Information+Preservation,+and+Unique+Reconstruction+Across+the+2880-Dimensional+Recursive+Hierarchy(20260810-123705).pdf",1224,7,7.​ Preservation of recursive information.
13,"The+Γ-Subthreshold+Fold+Logic+Theorem+Minimal+Admissibility+Compression,+Recursive+Information+Preservation,+and+Unique+Reconstruction+Across+the+2880-Dimensional+Recursive+Hierarchy(20260810-123705).pdf",1225,8,8.​ Exact reconstruction within the formal framework.
13,"The+Γ-Subthreshold+Fold+Logic+Theorem+Minimal+Admissibility+Compression,+Recursive+Information+Preservation,+and+Unique+Reconstruction+Across+the+2880-Dimensional+Recursive+Hierarchy(20260810-123705).pdf",1226,9,9.​ Minimality of the ordered Γ-chain.
13,"The+Γ-Subthreshold+Fold+Logic+Theorem+Minimal+Admissibility+Compression,+Recursive+Information+Preservation,+and+Unique+Reconstruction+Across+the+2880-Dimensional+Recursive+Hierarchy(20260810-123705).pdf",1227,10,10.​A formal statement of the Six-Into-Five Principle within the defined operator system.
13,"The+Γ-Subthreshold+Fold+Logic+Theorem+Minimal+Admissibility+Compression,+Recursive+Information+Preservation,+and+Unique+Reconstruction+Across+the+2880-Dimensional+Recursive+Hierarchy(20260810-123705).pdf",1371,1899,"Hilbert, D. Grundlagen der Geometrie (Foundations of Geometry). 1899."
13,"The+Γ-Subthreshold+Fold+Logic+Theorem+Minimal+Admissibility+Compression,+Recursive+Information+Preservation,+and+Unique+Reconstruction+Across+the+2880-Dimensional+Recursive+Hierarchy(20260810-123705).pdf",1374,1931,I. 1931.
13,"The+Γ-Subthreshold+Fold+Logic+Theorem+Minimal+Admissibility+Compression,+Recursive+Information+Preservation,+and+Unique+Reconstruction+Across+the+2880-Dimensional+Recursive+Hierarchy(20260810-123705).pdf",1377,1941,"Press, 1941."
13,"The+Γ-Subthreshold+Fold+Logic+Theorem+Minimal+Admissibility+Compression,+Recursive+Information+Preservation,+and+Unique+Reconstruction+Across+the+2880-Dimensional+Recursive+Hierarchy(20260810-123705).pdf",1386,1932,"Press, 1932."
13,"The+Γ-Subthreshold+Fold+Logic+Theorem+Minimal+Admissibility+Compression,+Recursive+Information+Preservation,+and+Unique+Reconstruction+Across+the+2880-Dimensional+Recursive+Hierarchy(20260810-123705).pdf",1443,1936,1936.​
13,"The+Γ-Subthreshold+Fold+Logic+Theorem+Minimal+Admissibility+Compression,+Recursive+Information+Preservation,+and+Unique+Reconstruction+Across+the+2880-Dimensional+Recursive+Hierarchy(20260810-123705).pdf",1451,1936,1936.​
13,"The+Γ-Subthreshold+Fold+Logic+Theorem+Minimal+Admissibility+Compression,+Recursive+Information+Preservation,+and+Unique+Reconstruction+Across+the+2880-Dimensional+Recursive+Hierarchy(20260810-123705).pdf",1459,1971,1971.​
13,"The+Γ-Subthreshold+Fold+Logic+Theorem+Minimal+Admissibility+Compression,+Recursive+Information+Preservation,+and+Unique+Reconstruction+Across+the+2880-Dimensional+Recursive+Hierarchy(20260810-123705).pdf",1489,1687,1687.​
13,"The+Γ-Subthreshold+Fold+Logic+Theorem+Minimal+Admissibility+Compression,+Recursive+Information+Preservation,+and+Unique+Reconstruction+Across+the+2880-Dimensional+Recursive+Hierarchy(20260810-123705).pdf",1495,1873,1873.​
13,"The+Γ-Subthreshold+Fold+Logic+Theorem+Minimal+Admissibility+Compression,+Recursive+Information+Preservation,+and+Unique+Reconstruction+Across+the+2880-Dimensional+Recursive+Hierarchy(20260810-123705).pdf",1503,1916,1916.​
13,"The+Γ-Subthreshold+Fold+Logic+Theorem+Minimal+Admissibility+Compression,+Recursive+Information+Preservation,+and+Unique+Reconstruction+Across+the+2880-Dimensional+Recursive+Hierarchy(20260810-123705).pdf",1509,1918,1918.​
